sheet_name,token,ticker,rows,first_date,last_date,price_non_null
1guy,1GUY,1guy,77,2024-11-11,2025-01-29,77
1squirrel,#1 Squirrel,peanut,67,2024-11-27,2025-02-01,67
360noscope420blazeit,360noscope420blazeit,mlg,81,2024-11-11,2025-02-01,81
5,??,??,73,2024-11-21,2025-02-01,73
6,"""　""","""　""",52,2024-12-12,2025-02-01,52
888token,888,888,81,2024-11-11,2025-02-01,81
abi,Abi,abi,82,2024-11-11,2025-02-01,82
achi,achi,achi,75,2024-11-18,2025-02-01,75
acidtoad,Acid Toad,toad,18,2024-11-11,2024-12-04,18
adillo,Adillo,adillo,40,2024-12-24,2025-02-01,40
agentaigo,AgentAIgo,agent,43,2024-12-21,2025-02-01,43
agenttank,AgentTank,tank,50,2024-12-14,2025-02-01,50
ai16z,ai16z,ai16z,82,2024-11-11,2025-02-01,82
ai16zeliza,ai16zeliza,eliza,43,2024-12-21,2025-02-01,43
aicrystalnode,AI Crystal Node,aicrynode,82,2024-11-11,2025-02-01,82
aiinu,AI INU,aiinu,81,2024-11-11,2025-02-01,81
aimerica,AIMERICA,uai,42,2024-12-22,2025-02-01,42
aimonicabrands,Aimonica Brands,aimonica,53,2024-12-11,2025-02-01,53
aishellnova,AI Shell NOVA,nova,33,2024-12-31,2025-02-01,33
aitraderagent,AI Trader Agent,ait,30,2025-01-03,2025-02-01,30
aiwarpertoken,AIWarper Token,warper,66,2024-11-26,2025-02-01,66
aiwithdaddyissues,Aiwithdaddyissues,shegen,82,2024-11-11,2025-02-01,82
akiprotocol,Aki Network,aki,82,2024-11-11,2025-02-01,82
akitabsc,AKITA-BSC,akita,40,2024-12-24,2025-02-01,40
alaska,Alaska,alaska,78,2024-11-15,2025-02-01,78
alchemistai,Alchemist AI,alch,59,2024-12-05,2025-02-01,59
alp,ALP,alp,78,2024-11-15,2025-02-01,78
alpaca2,Alpaca,alpaca,74,2024-11-19,2025-02-01,74
alpha3,Alpha,alpha,78,2024-11-11,2025-02-01,78
amaterasuomikami,AMATERASU OMIKAMI,omikami,82,2024-11-11,2025-02-01,82
americancoin,American Coin,usa,82,2024-11-11,2025-02-01,82
americapac,America Pac,pac,79,2024-11-13,2025-02-01,79
analos,analoS,analos,82,2024-11-11,2025-02-01,82
andy70b,ANDY70B,andy70b,42,2024-12-22,2025-02-01,42
andyman,Andyman,andyman,81,2024-11-11,2025-02-01,81
anitamaxwynn,Anita Max Wynn,wynn,78,2024-11-15,2025-02-01,78
antitoken,Antitoken,anti,30,2025-01-03,2025-02-01,30
anyinu,Any Inu,ai,82,2024-11-11,2025-02-01,82
aped,Aped,aped,68,2024-11-26,2025-02-01,68
aquarius2,Aquarius,aquarius,72,2024-11-21,2025-02-01,72
aquathecoin,Aquathecoin,aqua,79,2024-11-12,2025-02-01,79
arbidoge,ArbiDoge,adoge,77,2024-11-15,2025-02-01,77
aries,Aries,aries,72,2024-11-21,2025-02-01,72
ariethesealion,Arie The Sealion,arie,74,2024-11-20,2025-02-01,74
astheria,Astheria,heria,42,2024-12-22,2025-02-01,42
astropepex,AstroPepeX,apx,82,2024-11-11,2025-02-01,82
auraonsol,aura,aura,81,2024-11-11,2025-02-01,81
auroraterminal,Aurora,aurora,74,2024-11-20,2025-02-01,74
autism2,autism,autism,82,2024-11-11,2025-02-01,82
autonomousvirtualbeings,Autonomous Virtual Beings,avb,82,2024-11-11,2025-02-01,82
avaai,Ava AI,ava,66,2024-11-28,2025-02-01,66
avachiangmainightsafariava,AVA Chiang Mai Night Safari (AVA),ava,67,2024-11-27,2025-02-01,67
avaxhasnochill,AVAX HAS NO CHILL,nochill,82,2024-11-11,2025-02-01,82
avocato,Avocato,ato,74,2024-11-19,2025-02-01,74
axi,AXI,axi,43,2024-12-21,2025-02-01,43
babybitcoin2,Baby BitCoin,babybtc,78,2024-11-15,2025-02-01,78
babybnb,Baby BNB,babybnb,82,2024-11-11,2025-02-01,82
babydragonx,Baby DragonX,bdx,77,2024-11-11,2025-02-01,77
babyneirotoken,Baby Neiro Token,babyneiro,81,2024-11-11,2025-02-01,81
babypepe3,Baby Pepe,babypepe,42,2024-12-22,2025-02-01,42
babyshironeko,Baby Shiro Neko,babyshiro,61,2024-12-03,2025-02-01,61
babywen,Baby Wen,bwen,82,2024-11-11,2025-02-01,82
badcatsol,BADCATsol,$badcat,74,2024-11-19,2025-02-01,74
badideaai,Bad Idea AI,bad,82,2024-11-11,2025-02-01,82
ballsoffate,Balls of Fate,bof,80,2024-11-11,2025-02-01,80
bananacat,BananaCat,bcat,81,2024-11-11,2025-02-01,81
bananaforscale,Banana for Scale,banana,67,2024-11-27,2025-02-01,67
bananaforscale2,Banana For Scale,banana,58,2024-12-06,2025-02-01,58
bananatapewall,Banana Tape Wall,btw,82,2024-11-11,2025-02-01,82
based,BASED,based,80,2024-11-11,2025-02-01,80
basktfun,Baskt.Fun,baskt,70,2024-11-24,2025-02-01,70
beercoin2,Beercoin,beer,82,2024-11-11,2025-02-01,82
believeinsomething,Believe In Something,bis,80,2024-11-11,2025-02-01,80
believeinsomething2,believe in something,dtf,78,2024-11-15,2025-02-01,78
belikeblob,Blob,blob,72,2024-11-22,2025-02-01,72
benthedog,Ben the Dog,bendog,82,2024-11-11,2025-02-01,82
bertramthepomeranian,Bertram The Pomeranian,bert,79,2024-11-13,2025-02-01,79
beth,Beth,$beth,37,2024-12-27,2025-02-01,37
betmore,Bet more,bet,80,2024-11-11,2025-02-01,80
biaoonsol,BIAO on SOL,biao,59,2024-12-05,2025-02-01,59
biaoqing,Biaoqing,biao,81,2024-11-11,2025-02-01,81
big,BIG,big,46,2024-12-10,2025-02-01,46
bigcheungus,Big Cheungus,$cheungus,71,2024-11-22,2025-02-01,71
bigdogfink,Big Dog Fink,bink,75,2024-11-19,2025-02-01,75
bigjim,BIG JIM,bigjim,36,2024-12-28,2025-02-01,36
bigpharmai,Big Pharmai,drugs,46,2024-12-18,2025-02-01,46
billiondollarcatrunes,BILLION•DOLLAR•CAT (Runes),bdc,43,2024-12-21,2025-02-01,43
billy,Billy,billy,82,2024-11-11,2025-02-01,82
bingusthecat,Bingus The Cat,bingus,82,2024-11-11,2025-02-01,82
birddog,Bird Dog,birddog,81,2024-11-11,2025-02-01,81
bitbonk,BitBonk,bbonk,80,2024-11-11,2025-02-01,80
bitcat2,BitCat,btcat,82,2024-11-11,2025-02-01,82
bitcat3,Bitcat,bitcat,75,2024-11-19,2025-02-01,75
bitcoinact,BITCOIN Act,btcact,75,2024-11-19,2025-02-01,75
blackagnus,Black Agnus,ftw,60,2024-12-02,2025-02-01,60
blackunicorncorp,Black Unicorn Corp.,moon,30,2025-01-03,2025-02-01,30
blinkdotfun,blinkdotfun,blink,45,2024-12-19,2025-02-01,45
blinksgg,Blinks.gg,bgg1,81,2024-11-11,2025-02-01,81
blk2100,BLK2100,$blk,69,2024-11-11,2025-01-26,69
blobanapet,Blobana pet,blob,72,2024-11-21,2025-02-01,72
bloomspergterminal,Bloomsperg Terminal,sperg,72,2024-11-22,2025-02-01,72
bobacat,BobaCat,psps,81,2024-11-11,2025-02-01,81
bobaoppa,Boba Oppa,bobaoppa,82,2024-11-11,2025-02-01,82
boblles,Boblles,bobls,62,2024-12-01,2025-02-01,62
bobocoin,BOBO Coin,bobo,35,2024-12-29,2025-02-01,35
bobthesnek,Bob the Snek,bob,79,2024-11-13,2025-02-01,79
bobtoken,BOB Token,bob,82,2024-11-11,2025-02-01,82
bog,Bog,bog,10,2024-11-11,2024-11-22,10
bogus,BOGUS,bogus,76,2024-11-12,2025-01-31,76
bongocat,BONGO CAT,bongo,82,2024-11-11,2025-02-01,82
bonsaitoken,Bonsai Token,bonsai,70,2024-11-24,2025-02-01,70
booji,BOOJI,booji,37,2024-12-27,2025-02-01,37
boop2,Boop,boop,81,2024-11-11,2025-02-01,81
boop3,BOOP,boop,77,2024-11-15,2025-02-01,77
bopcat,Bop Cat,bop,80,2024-11-12,2025-02-01,80
bozohybrid,Bozo Benk,bozo,80,2024-11-11,2025-02-01,80
brainlet2,Brainlet,brainlet,82,2024-11-11,2025-02-01,82
brainrot,brainrot,rot,81,2024-11-11,2025-02-01,81
brettmemecoin,Brett (ETH),brett,59,2024-12-05,2025-02-01,59
brot,BROT,brot,55,2024-12-09,2025-02-01,55
brothecat,Bro the cat,bro,82,2024-11-11,2025-02-01,82
bueno,Bueno,bueno,73,2024-11-19,2025-02-01,73
buildonbnb,Build On BNB,bob,63,2024-11-23,2025-01-24,63
burnedfi,BurnedFi,burn,81,2024-11-11,2025-02-01,81
buttholecoin,Butthole Coin,butthole,32,2025-01-01,2025-02-01,32
buu,BUU,buu,82,2024-11-11,2025-02-01,82
byte,Byte,byte,81,2024-11-11,2025-02-01,81
cancer,Cancer,cancer,73,2024-11-21,2025-02-01,73
capricorn2,Capricorn,capricorn,72,2024-11-21,2025-02-01,72
carloacutis,Carlo Acutis,saint,67,2024-11-27,2025-02-01,67
cas9,Cas9,crispr,30,2025-01-03,2025-02-01,30
catalorian,Catalorian,catalorian,82,2024-11-11,2025-02-01,82
catana,Catana,catana,82,2024-11-11,2025-02-01,82
catdog,Cat-Dog,catdog,81,2024-11-11,2025-02-01,81
catecoin,CateCoin,cate,82,2024-11-11,2025-02-01,82
catex,CATEX,catex,80,2024-11-11,2025-02-01,80
catgirl,cat girl,catgf,80,2024-11-11,2025-02-01,80
catownkimono,catownkimono,cok,81,2024-11-11,2025-02-01,81
catslap,CatSlap,slap,55,2024-12-09,2025-02-01,55
catwifbag,catwifbag,bag,81,2024-11-11,2025-02-01,81
catwifhat2,catwifhat,$cwif,82,2024-11-11,2025-02-01,82
cctv,CCTV,cctv,81,2024-11-11,2025-02-01,81
centience,Centience,cents,74,2024-11-20,2025-02-01,74
chadcat,CHAD CAT,chadcat,68,2024-11-26,2025-02-01,68
chadcoin,Chad Coin,chad,80,2024-11-11,2025-02-01,80
chaosanddisorder,chaos and disorder,chaos,67,2024-11-27,2025-02-01,67
chartreuxcat,Chartreux Cat,chart,78,2024-11-11,2025-01-31,78
chatgptsmascot,ChatGPT's Mascot,chatty,74,2024-11-19,2025-02-01,74
cheems,Cheems,cheems,81,2024-11-11,2025-02-01,81
cheese2,Cheese,cheese,78,2024-11-11,2025-02-01,78
cheese3,Cheese,cheese,73,2024-11-20,2025-02-01,73
cheeseball,Cheeseball,cb,81,2024-11-11,2025-02-01,81
cheshiregrin,Cheshire Grin,grin,64,2024-11-30,2025-02-01,64
cheyenne,Cheyenne,cheyenne,74,2024-11-20,2025-02-01,74
chibawan,Chiba Wan,chib,80,2024-11-12,2025-02-01,80
chillgirl,Chill Girl,chillgirl,68,2024-11-26,2025-02-01,68
choccymilkcat,Choccy Milk Cat,choccy,71,2024-11-17,2025-02-01,71
chonky,CHONKY,chonky,82,2024-11-11,2025-02-01,82
chudjak,Chudjak,chud,82,2024-11-11,2025-02-01,82
clapcat,CLAPCAT,$clap,78,2024-11-11,2025-02-01,78
claude,Claude,claude,32,2025-01-01,2025-02-01,32
coal2,COAL,coal,82,2024-11-11,2025-02-01,82
coby,coby,coby,81,2024-11-11,2025-02-01,81
cococoin,COCO COIN,coco,78,2024-11-15,2025-02-01,78
codergf,Coder GF,codergf,36,2024-12-28,2025-02-01,36
codetoken,Code Token,code,67,2024-11-22,2025-02-01,67
comedian,Comedian,ban,45,2024-12-19,2025-02-01,45
convo,Convo,convo,48,2024-12-16,2025-02-01,48
corgiinu2,Corgi Inu,corgi,33,2024-12-31,2025-02-01,33
corn2,Corn,corn,80,2024-11-11,2025-02-01,80
costcohotdog,Cost Hot Dog,cost,82,2024-11-11,2025-02-01,82
crab,CRAB,crab,52,2024-12-12,2025-02-01,52
crashout,Crashout,crashout,82,2024-11-11,2025-02-01,82
craze,Craze,craze,40,2024-12-24,2025-02-01,40
crowwithknife,crow with knife,caw,79,2024-11-13,2025-02-01,79
cryptoboomcoinofficial,CryptoBoomCoin Official,cbc,78,2024-11-11,2025-02-01,78
cryptoczar,Crypto Czar,czar,66,2024-11-28,2025-02-01,66
csi888,CSI888,csi,82,2024-11-11,2025-02-01,82
cultofpepe,Cult of Pepe,cope,77,2024-11-13,2025-02-01,77
cumrocket,CumRocket,cummies,82,2024-11-11,2025-02-01,82
cupsey,CUPSEY,cupsey,80,2024-11-12,2025-02-01,80
cyberdoge3,Cyberdoge,cdoge,77,2024-11-12,2025-02-01,77
daddychill,Daddy Chill,daddychill,62,2024-12-01,2025-01-31,62
daddytate,Daddy Tate,daddy,75,2024-11-19,2025-02-01,75
dancingtriangle2,dancing triangle,triangle,82,2024-11-11,2025-02-01,82
darkmaga,Dark MAGA,dmaga,82,2024-11-11,2025-02-01,82
darksun,darksun,binary,54,2024-12-10,2025-02-01,54
dasha,Dasha,vvaifu,81,2024-11-11,2025-02-01,81
deepworm,Deep Worm,worm,82,2024-11-11,2025-02-01,82
defrogs,DeFrogs,defrogs,65,2024-11-29,2025-02-01,65
degenspartanai,Degen Spartan AI,degenai,82,2024-11-11,2025-02-01,82
dejitarutsuka,Dejitaru Tsuka,tsuka,82,2024-11-11,2025-02-01,82
departmentofgovefficiency,Department of Gov Efficiency,doge,78,2024-11-15,2025-02-01,78
departmentofgovernmentefficiency3,Department Of Government Efficiency,d.o.g.e,79,2024-11-13,2025-02-01,79
derdaku,Der Daku,daku,33,2024-12-31,2025-02-01,33
devinonsolana,Devin,devin,80,2024-11-11,2025-02-01,80
dingocoin,Dingocoin,dingo,61,2024-12-03,2025-02-01,61
dinolfg,DinoLFG,dino,81,2024-11-11,2025-02-01,81
divinelyprotected,Divinely Protected,dp,68,2024-11-24,2025-02-01,68
dogaiwtf,DOGAI,dogai,80,2024-11-12,2025-02-01,80
dogami,Dogami,doga,67,2024-11-27,2025-02-01,67
dogc,DOGC,dogc,60,2024-12-04,2025-02-01,60
doge,@DOGE,@doge,75,2024-11-16,2025-02-01,75
dogebonk,DogeBonk,dobo,81,2024-11-11,2025-02-01,81
dogecast,Dogecast,dogecast,73,2024-11-21,2025-02-01,73
dogecast2,dogecast,dogecast,71,2024-11-23,2025-02-01,71
dogefather2,Dogefather,dogefather,70,2024-11-24,2025-02-01,70
dogefather3,DogeFather,the dogefather,31,2025-01-02,2025-02-01,31
dogejonesindustrialaverage,Doge Jones Industrial Average,dji,80,2024-11-12,2025-02-01,80
dogemascotshibu,Doge Mascot Shibu,shibu,82,2024-11-11,2025-02-01,82
dogemojionsolana,Dog Emoji On Solana,?,79,2024-11-11,2025-02-01,79
dogeonsolana,DOGE on Solana,sdoge,82,2024-11-11,2025-02-01,82
dogfoodtoken,Dog Food Token,oishii,22,2024-11-11,2025-01-17,22
doggo3,Doggo,doggo,82,2024-11-11,2025-02-01,82
doggoinu,Doggo Inu,doggo,4,2024-11-11,2024-11-14,4
doginhood,DoginHood,dogin,81,2024-11-11,2025-02-01,81
doginthpool,doginthpool,dip,81,2024-11-11,2025-02-01,81
doglibre,DogLibre,dogl,46,2024-12-18,2025-02-01,46
dogwifnuchucks,Dog Wif Nunchucks,ninja,70,2024-11-24,2025-02-01,70
dogwithappleinmouth,dog with apple in mouth,apple,51,2024-12-13,2025-02-01,51
dolanduck,Dolan Duck,dolan,80,2024-11-12,2025-02-01,80
dollarmoon2,DollarMoon,dmoon,79,2024-11-11,2025-02-01,79
dolosthebully,Dolos The Bully,bully,75,2024-11-19,2025-02-01,75
donaldtremp,Doland Tremp,tremp,82,2024-11-11,2025-02-01,82
dontbuyinu,Don't Buy Inu,dbi,80,2024-11-11,2025-02-01,80
dontdie,Don't Die,dontdie,66,2024-11-27,2025-02-01,66
dorklord2,Dork Lord,dorky,82,2024-11-11,2025-02-01,82
dotcom,Dotcom,y2k,67,2024-11-27,2025-02-01,67
draggycto,Draggy CTO,draggy,50,2024-11-11,2025-01-05,50
drip,DRIP,$drip,81,2024-11-11,2025-02-01,81
drpepeai,DrPepe.ai,bryan,36,2024-12-28,2025-02-01,36
duckai,Duck AI,duckai,63,2024-12-01,2025-02-01,63
duckthedoug,Doug the Duck,doug,80,2024-11-11,2025-02-01,80
ducky,Ducky,ducky,82,2024-11-11,2025-02-01,82
duko,DUKO,duko,82,2024-11-11,2025-02-01,82
eagleoftruth,Eagle of Truth,egl,78,2024-11-11,2025-01-31,78
earl,earl,earl,77,2024-11-11,2025-02-01,77
effectiveaccelerationism,Effective accelerationism,e/acc,79,2024-11-11,2025-02-01,79
eggdog,Eggdog,egg,81,2024-11-11,2025-02-01,81
elgato,el gato,elgato,82,2024-11-11,2025-02-01,82
eliza,Eliza,eliza,71,2024-11-23,2025-02-01,71
elon,Elon,$elon,82,2024-11-11,2025-02-01,82
eloniatrump,Elonia Trump,elonia,70,2024-11-23,2025-02-01,70
elonrwa,ElonRWA,elonrwa,78,2024-11-15,2025-02-01,78
elonspetsnail,Elons Pet Snail,gary,74,2024-11-20,2025-02-01,74
elsapopepe,El Sapo Pepe,pepe,41,2024-12-22,2025-02-01,41
endfederalreserve,End Federal Reserve,efr,71,2024-11-23,2025-02-01,71
enkrypto,EnKrypto,krypt,80,2024-11-11,2025-02-01,80
estee,Estee,estee,81,2024-11-11,2025-02-01,81
ethbull,ETH BULL,bull,37,2024-12-27,2025-02-01,37
ethereumisgood,ETHEREUM IS GOOD,ebull,81,2024-11-11,2025-02-01,81
evan2,Evan,evan,67,2024-11-27,2025-02-01,67
expert_money,EXPERT_MONEY,expert,67,2024-11-26,2025-02-01,67
eyeearn,Smilek,smilek,82,2024-11-11,2025-02-01,82
fairfun,Fairfun,fair,42,2024-11-11,2025-01-20,42
faml,FAML,faml,70,2024-11-23,2025-01-31,70
fatgf,FATGF,fatgf,81,2024-11-11,2025-02-01,81
feces,FECES,feces,82,2024-11-11,2025-02-01,82
fefeoneth,Fefe,fefe,82,2024-11-11,2025-02-01,82
fegtoken2,FEED EVERY GORILLA,feg,71,2024-11-11,2025-02-01,71
feistydogenft,Feisty Doge NFT,nfd,82,2024-11-11,2025-02-01,82
fighttomaga,Fight to MAGA,fight,82,2024-11-11,2025-02-01,82
fijiexe,FIJI.EXE,fiji,78,2024-11-15,2025-02-01,78
fine2,FINE,fine,69,2024-11-13,2025-01-31,69
firstconvictedraccon,First Convicted RACCON,fred,51,2024-12-13,2025-02-01,51
firstreply,first reply,sirius,82,2024-11-11,2025-02-01,82
fishkoin,Fishkoin,koin,81,2024-11-11,2025-02-01,81
fisttrumppump,Fisttrumppump,ftp,82,2024-11-11,2025-02-01,82
flatearthcoin,Flat Earth Coin,flat,75,2024-11-19,2025-02-01,75
flaviaisonline,Flavia Is Online,flavia,81,2024-11-11,2025-02-01,81
fleabone,FLEABONE,bone,75,2024-11-19,2025-02-01,75
floofnoodles,Floofnoodles,floof,69,2024-11-23,2025-02-01,69
floos,Floos,fls,82,2024-11-11,2025-02-01,82
floppacat,Floppa Cat,floppa,79,2024-11-14,2025-02-01,79
florkcto,FLORK CTO,flork,34,2024-12-30,2025-02-01,34
flowerai,FlowerAI,flower,67,2024-11-27,2025-02-01,67
fofar,Fofar,fofar,82,2024-11-11,2025-02-01,82
fomo3d,FOMO 3D,fomo3d.fun,51,2024-12-13,2025-02-01,51
fomoradioai,FOMO RADIO AI,radio,30,2025-01-03,2025-02-01,30
forest,FOREST,forest,82,2024-11-11,2025-02-01,82
forky2,Forky,forky,30,2025-01-03,2025-02-01,30
freeshaynecoplan,FREE Shayne Coplan,eagle,74,2024-11-20,2025-02-01,74
freespeech2,Free Speech,x,33,2024-12-31,2025-02-01,33
frensofelon,Frens of Elon,frens,54,2024-12-09,2025-02-01,54
fric,FRIC,fric,51,2024-12-13,2025-02-01,51
frodothevirtualsamurai,Frodo the Virtual Samurai,frog,47,2024-12-17,2025-02-01,47
frog3,Frog,frog,78,2024-11-13,2025-01-31,78
frogevip,Froge,froge,43,2024-12-13,2025-01-25,43
frox,Frox,frox,70,2024-11-23,2025-02-01,70
fu,FU,fu,81,2024-11-11,2025-02-01,81
fug,FUG,fug,52,2024-11-11,2025-01-30,52
fug2,fug,fug,77,2024-11-15,2025-02-01,77
fuku2,Fuku,fuku,71,2024-11-23,2025-02-01,71
furnancialadvisor,Fur-nancial advisor,fur,75,2024-11-19,2025-02-01,75
fxn,FXN,fxn,59,2024-12-05,2025-02-01,59
gamestop,GME (Ethereum),gme,82,2024-11-11,2025-02-01,82
gameswift,GameSwift,gswift,82,2024-11-11,2025-02-01,82
gdog,GDOG,gdog,82,2024-11-11,2025-02-01,82
gegagedigedagedago,Gegagedigedagedago,nugget,69,2024-11-23,2025-02-01,69
gemini2,Gemini,gemini,77,2024-11-15,2025-02-01,77
gemxbt,gemxbt,gemxbt,47,2024-12-17,2025-02-01,47
generationalwealth3,Generational Wealth,wealth,78,2024-11-13,2025-02-01,78
genzquant,Gen Z Quant,quant,73,2024-11-21,2025-02-01,73
gikocat,Giko Cat,giko,82,2024-11-11,2025-02-01,82
ginnan,Ginnan,ginnan,62,2024-11-30,2025-01-31,62
ginnanthecat,Ginnan The Cat,ginnan,82,2024-11-11,2025-02-01,82
glorp,Glorp,glorp,74,2024-11-19,2025-02-01,74
glp1,GLP1,glp1,67,2024-11-27,2025-02-01,67
gluteusmaximusbyvirtuals,Gluteus Maximus by Virtuals,gluteu,36,2024-12-28,2025-02-01,36
gme,GME,gme,82,2024-11-11,2025-02-01,82
gmika,GMika,gmika,81,2024-11-11,2025-02-01,81
goatseusactii,Goatseus Act II,goatseus,66,2024-11-15,2025-01-20,66
gobi,GOBI,gobi,67,2024-11-27,2025-02-01,67
gondola,Gondola,gondola,81,2024-11-11,2025-02-01,81
gooby,Gooby,gooby,80,2024-11-11,2025-02-01,80
goodboy,GoodBoy,goodboy,38,2024-12-25,2025-02-01,38
goodmorning3,Good Morning!,gm,77,2024-11-15,2025-02-01,77
goofy2,GOOFY,goofy,28,2025-01-05,2025-02-01,28
gottitoken,Gotti Token,gotti,80,2024-11-11,2025-02-01,80
gou,Gou,gou,81,2024-11-11,2025-02-01,81
gout,GOUT,gout,71,2024-11-23,2025-02-01,71
gpuairich,GPU ai Rich,rich,46,2024-12-18,2025-02-01,46
griffainnewhedgefund,Griffain New Hedge Fund,citadail,38,2024-12-26,2025-02-01,38
groggobymattfurie,Groggo By Matt Furie,groggo,81,2024-11-11,2025-02-01,81
grok2,Grok,$grok,80,2024-11-12,2025-02-01,80
groyper,Groyper,groyper,82,2024-11-11,2025-02-01,82
grumpycatcoin,Grumpy Cat Coin,grumpy,71,2024-11-23,2025-02-01,71
gua,GUA,gua,68,2024-11-26,2025-02-01,68
guacamole,Guacamole,guac,82,2024-11-11,2025-02-01,82
gummy,GUMMY,gummy,82,2024-11-11,2025-02-01,82
h2w6gm6jz,h2w6gm6jz,h2w6gm6jz,43,2024-12-21,2025-02-01,43
habibisol,Habibi (Sol),habibi,82,2024-11-11,2025-02-01,82
hahayes,HahaYes,rizo,80,2024-11-12,2025-02-01,80
halforangedrinkinglemonade,Half Orange Drinking Lemonade,hodl,81,2024-11-11,2025-02-01,81
hami,HAMI,$hami,82,2024-11-11,2025-02-01,82
hana,Hana,hana,82,2024-11-11,2025-02-01,82
hanbao,Hanbao,hanbao,78,2024-11-15,2025-02-01,78
happycat2,Happy Cat,happy,67,2024-11-27,2025-02-01,67
harambe2,Harambe on Solana,harambe,77,2024-11-16,2025-02-01,77
harold,Harold,harold,81,2024-11-11,2025-02-01,81
haroldonsol,Harold,harold,70,2024-11-23,2025-02-01,70
harrypottertrumphomersimpson777inu,HarryPotterTrumpHomerSimpson777Inu,ethereum,82,2024-11-11,2025-02-01,82
hasbullascat,Hasbulla's Cat,barsik,78,2024-11-15,2025-02-01,78
hawk2,Hawk,hawk,82,2024-11-11,2025-02-01,82
heeeheee,HeeeHeee,heehee,81,2024-11-11,2025-02-01,81
hege,Hege,$hege,82,2024-11-11,2025-02-01,82
hehecat,hehe,hehe,82,2024-11-11,2025-02-01,82
hemule,Hemule,hemule,82,2024-11-11,2025-02-01,82
henlo,Henlo,henlo,10,2024-11-20,2024-11-30,10
hermythestallion,Hermy The Stallion,hermy,54,2024-12-10,2025-02-01,54
highaf,High AF,ath,63,2024-11-30,2025-02-01,63
hisnamegort,His name gort,gort,75,2024-11-19,2025-02-01,75
historyofpepe,History of Pepe,hope,82,2024-11-11,2025-02-01,82
hogefinance,Hoge Finance,hoge,81,2024-11-11,2025-02-01,81
honk,Honk,honk,82,2024-11-11,2025-02-01,82
hoppymeme,Hoppy,hoppy,60,2024-12-04,2025-02-01,60
horny,$horny,$horny,52,2024-12-12,2025-02-01,52
hotdoge2,Hot Doge,hotdoge,47,2024-12-17,2025-02-01,47
huahua,HUA HUA,huahua,65,2024-11-29,2025-02-01,65
hund,Hund,hund,82,2024-11-11,2025-02-01,82
huskyavax,Husky Avax,husky,81,2024-11-11,2025-02-01,81
iiiilovvvyouuuu,iiii lovvvv youuuu,ily,82,2024-11-11,2025-02-01,82
ilence,$ilence,$ilence,67,2024-11-27,2025-02-01,67
illuminaticoin,IlluminatiCoin,nati,82,2024-11-11,2025-02-01,82
ilovepuppies,I love puppies,puppies,81,2024-11-11,2025-02-01,81
imnotwrongimearly,imnotwrongimearly,early,74,2024-11-19,2025-02-01,74
inferno2,INFERNO,inf,82,2024-11-11,2025-02-01,82
infinitebackrooms,infinite backrooms,ib,81,2024-11-11,2025-02-01,81
intern,Intern,intern,69,2024-11-23,2025-02-01,69
internationalmemefund,International Meme Fund,imf,41,2024-12-13,2025-02-01,41
internosaur,Internosaur,$intern,54,2024-12-10,2025-02-01,54
inusol,INU,inu,80,2024-11-11,2025-02-01,80
iq50,IQ50,iq50,82,2024-11-11,2025-02-01,82
iq6900,IQ6900,iq,48,2024-12-16,2025-02-01,48
ito,ITO,$ito,80,2024-11-11,2025-02-01,80
jailbreakme,JailbreakMe,jail,50,2024-12-14,2025-02-01,50
jak,JAK,jak,63,2024-12-01,2025-02-01,63
jamcat,jam cat,jam,78,2024-11-15,2025-02-01,78
janrotherat,Janro The Rat,janro,60,2024-12-04,2025-02-01,60
jenhsunhuang,JHH,jhh,81,2024-11-11,2025-02-01,81
jeoboden,Jeo Boden,boden,82,2024-11-11,2025-02-01,82
jesuscoin,Jesus Coin,jesus,82,2024-11-11,2025-02-01,82
jewelsdagoat,Jewels Da Goat,jewels,74,2024-11-20,2025-02-01,74
jiffpom,Jiffpom,jiff,66,2024-11-27,2025-02-01,66
jinx,JINX,jinx,80,2024-11-12,2025-02-01,80
joecoin,Joe Coin,joe,78,2024-11-15,2025-02-01,78
johnmcaifee,John McAIfee,mcaifee,74,2024-11-19,2025-02-01,74
johnthecoin,John the Coin,john,80,2024-11-11,2025-02-01,80
joi,Joi,joi,73,2024-11-20,2025-02-01,73
jorkin,Jorkin,jorkin,74,2024-11-19,2025-02-01,74
justachillguy,Just a chill guy (ETH),chillguy,61,2024-12-03,2025-02-01,61
justbuy1worthofthiscoin,just buy $1 worth of this coin,$1,65,2024-11-29,2025-02-01,65
justiceforpeanut,JUSTICE FOR PEANUT,jfp,50,2024-12-14,2025-02-01,50
justiceforpnutandfred,Justice for Pnut and Fred,justice,66,2024-11-27,2025-02-01,66
k9financedao,K9 Finance DAO,knine,82,2024-11-11,2025-02-01,82
k9killedinshootout,K-9 Killed in Shootout,titan,74,2024-11-20,2025-02-01,74
kaiken,Kai Ken,kai,68,2024-11-11,2025-01-20,68
kandoai,KANDO AI,kando,39,2024-12-25,2025-02-01,39
kappy,Kappy,kappy,58,2024-12-06,2025-02-01,58
katanainu,Katana Inu,kata,82,2024-11-11,2025-02-01,82
keanu,Keanu,knu,69,2024-11-23,2025-02-01,69
keepgambling,Keep Gambling,gamble,55,2024-12-09,2025-02-01,55
keketerminal,KEKE Terminal,keke,65,2024-11-29,2025-02-01,65
kekistan,Kekistan,kek,82,2024-11-11,2025-02-01,82
kekiusmaximus,Kekius Maximus,kekius,44,2024-12-20,2025-02-01,44
kenduinu,Kendu Inu,kendu,80,2024-11-12,2025-02-01,80
keyboardcat,Keyboard Cat,keycat,78,2024-11-15,2025-02-01,78
khaokheowzoo,khaokheowzoo,kheowzoo,65,2024-11-29,2025-02-01,65
kibainu,Kiba Inu,kiba,81,2024-11-11,2025-02-01,81
kiboshib,KiboShib,kibshi,82,2024-11-11,2025-02-01,82
kiki2,KIKI,kiki,41,2024-12-23,2025-02-01,41
kimbo,Kimbo,kimbo,82,2024-11-11,2025-02-01,82
kira3,KIRA,kira,67,2024-11-27,2025-02-01,67
kirakuru,KiraKuru,kra,48,2024-12-16,2025-02-01,48
kittekoin,Kittekoin,koin,31,2024-11-11,2025-01-25,31
kittenhaimer,Kitten Haimer,khai,82,2024-11-11,2025-02-01,82
kizuna,Kizuna,kizuna,77,2024-11-11,2025-01-28,77
klaus,KLAUS,klaus,81,2024-11-11,2025-02-01,81
knotdiffiehellman,Knot Diffie-Hellman,knot,53,2024-12-11,2025-02-01,53
knutfromzoo,Knut From Zoo,knut,38,2024-12-25,2025-02-01,38
koalaai,KOALA AI,koko,82,2024-11-11,2025-02-01,82
kolin2,Kolin,kolin,64,2024-11-30,2025-02-01,64
komainu,Koma Inu,koma,82,2024-11-11,2025-02-01,82
kotaro,Kotaro,kotaro,70,2024-11-21,2025-02-01,70
koto2,Koto,koto,67,2024-11-27,2025-02-01,67
kpopkpopfun,KPOP (kpop.fun),kpop,49,2024-12-13,2025-02-01,49
kwantxbt,kwantxbt,kwant,50,2024-12-14,2025-02-01,50
kween,KWEEN,kween,47,2024-12-17,2025-02-01,47
kyra,KYRA,kyra,78,2024-11-12,2025-02-01,78
lambosforvirgins,LambosForVirgins,virgin,52,2024-12-06,2025-01-31,52
landwolf2,Landwolf,wolf,67,2024-11-27,2025-02-01,67
larpdetectiveagency,Larp Detective Agency,$agency,40,2024-12-24,2025-02-01,40
leaai,LEA AI,lea,68,2024-11-26,2025-02-01,68
leash,Doge Killer,leash,82,2024-11-11,2025-02-01,82
ledogdog,LEDOG (DOG),dog,80,2024-11-11,2025-02-01,80
legend,LEGEND,legend,57,2024-12-07,2025-02-01,57
leo2,Leo,leo,73,2024-11-21,2025-02-01,73
leper,LEPER,leper,78,2024-11-15,2025-02-01,78
lethimcook,Let Him Cook,$cook,82,2024-11-11,2025-02-01,82
letsfarty,Let's Farty,farty,30,2025-01-03,2025-02-01,30
letsgetthisbread,Lets Get This Bread,lgtb,47,2024-12-17,2025-02-01,47
letthatsinkin,Let that sink in,sink,78,2024-11-15,2025-02-01,78
libra4,Libra,libra,72,2024-11-21,2025-02-01,72
lifedog,lifedog,lfdog,59,2024-12-05,2025-02-01,59
lilyscoin,Lily's Coin,lily,82,2024-11-11,2025-02-01,82
limbo,LIMBO,limbo,59,2024-12-05,2025-02-01,59
lingyan,Lingyan,lingyan,77,2024-11-15,2025-02-01,77
linkonsol,Link on Sol,link,71,2024-11-20,2025-02-01,71
lioncat,Lion Cat,lcat,78,2024-11-11,2025-02-01,78
litecoinmascot,Litecoin Mascot,lester,74,2024-11-20,2025-02-01,74
literallyme,Literally Me,me,82,2024-11-11,2025-02-01,82
littlemanyu,littlemanyu,manyu,82,2024-11-11,2025-02-01,82
lmeow2,lmeow,lmeow,82,2024-11-11,2025-02-01,82
loafcat,LOAFCAT,loafcat,82,2024-11-11,2025-02-01,82
lockin,LOCK IN,lockin,74,2024-11-20,2025-02-01,74
logosai,LOGOSAI,logos,54,2024-12-10,2025-02-01,54
lol3,LOL,lol,79,2024-11-11,2025-02-01,79
lola3,Lola,lola,59,2024-12-05,2025-02-01,59
lolcat2,Lolcat,lolcat,81,2024-11-11,2025-02-01,81
loner,loner,loner,51,2024-12-13,2025-02-01,51
long4,LONG,long,57,2024-12-06,2025-02-01,57
loobybystephenbliss,Looby by Stephen Bliss,looby,70,2024-11-23,2025-02-01,70
lookbro,Look bro,look,80,2024-11-11,2025-02-01,80
loulou,LOULOU,loulou,81,2024-11-11,2025-02-01,81
lovelyinufinance,Lovely Inu Finance,lovely,82,2024-11-11,2025-02-01,82
lowqualitycat,Low Quality Cat,lqc,81,2024-11-11,2025-02-01,81
lucedog,Luce Dog,santino,77,2024-11-15,2025-02-01,77
luci,LUCI,luci,82,2024-11-11,2025-02-01,82
luckydog,Lucky Dog,lucky,73,2024-11-20,2025-02-01,73
luffyinu,Luffy,luffy,51,2024-12-13,2025-02-01,51
lumi3,LUMI,lumi,55,2024-12-09,2025-02-01,55
lunabyvirtuals,Luna by Virtuals,luna,56,2024-12-08,2025-02-01,56
m3m3,M3M3,m3m3,44,2024-12-20,2025-02-01,44
mad2,MAD,mad,82,2024-11-11,2025-02-01,82
madonnadelgatto,Madonna del gatto,gatto,40,2024-12-20,2025-01-28,40
magaagain,MAGA Again,magaa,81,2024-11-11,2025-02-01,81
magafightfortrump,MAGA: Fight for Trump,trumpcoin,80,2024-11-12,2025-02-01,80
magahat,MAGA Hat,maga,82,2024-11-11,2025-02-01,82
magaverse,Magaverse,mvrs,46,2024-12-18,2025-02-01,46
magnet2,Magnet,magnet,80,2024-11-12,2025-02-01,80
maincharacter,Main Character,main,73,2024-11-20,2025-02-01,73
maincharacterenergy,Main Character Energy,mcen,70,2024-11-21,2025-02-01,70
majorfrog,Major Frog,major,82,2024-11-11,2025-02-01,82
make,MAKE,make,66,2024-11-11,2025-01-31,66
makeamericahealthyagain,Make America Healthy Again,maha,78,2024-11-13,2025-02-01,78
malakai,Malakai,malakai,80,2024-11-11,2025-02-01,80
maneki,MANEKI,maneki,51,2024-12-13,2025-02-01,51
manifestonsol,Manifest,manifest,80,2024-11-11,2025-02-01,80
mao3,Mao,mao,75,2024-11-11,2025-01-31,75
marketdominance,Market Dominance,md,81,2024-11-11,2025-02-01,81
markkacy,markkacy,kacy,70,2024-11-24,2025-02-01,70
mars2,Mars,mars,82,2024-11-11,2025-02-01,82
marvininu2,Marvin Inu,marvin,81,2024-11-11,2025-02-01,81
matt0x79,Matt Furie,matt,81,2024-11-11,2025-02-01,81
max2,MAX,max,58,2024-12-06,2025-02-01,58
maxoneth,Max on ETH,maxeth,54,2024-12-10,2025-02-01,54
maya,Maya,maya,78,2024-11-15,2025-02-01,78
mcdull,McDull (Meme),mcdull,55,2024-12-09,2025-02-01,55
medusa2,MEDUSA,medusa,80,2024-11-12,2025-02-01,80
mellowman,Mellow Man,mellow,82,2024-11-11,2025-02-01,82
melo,Melo,melo,81,2024-11-11,2025-02-01,81
melondog,Melon Dog,melon,80,2024-11-11,2025-02-01,80
memeanarchicnumismaticasset,Meme Anarchic Numismatic Asset,mana,50,2024-12-14,2025-02-01,50
memecoingirl,MemeCoinGirl,miko,76,2024-11-11,2025-02-01,76
memecoinmillionaire,Meme Coin Millionaire,$rich,80,2024-11-11,2025-02-01,80
memesai,Memes AI,memesai,82,2024-11-11,2025-02-01,82
men,MEN,men,81,2024-11-11,2025-02-01,81
meow,MEOW,meow,78,2024-11-15,2025-02-01,78
meowmeowmeowmeow,meow meow meow meow,meow,47,2024-12-17,2025-02-01,47
metamonopoly,Meta Monopoly,monopoly,82,2024-11-11,2025-02-01,82
metformin,Metformin,met,68,2024-11-26,2025-02-01,68
michicoin,michi,$michi,32,2025-01-01,2025-02-01,32
miladywifhat,Milady Wif Hat,ladyf,82,2024-11-11,2025-02-01,82
milkbag,MILKBAG,milkbag,81,2024-11-11,2025-02-01,81
mimany,MIMANY,mimany,81,2024-11-11,2025-02-01,81
mindzero,Mind Zero,mind,59,2024-12-05,2025-02-01,59
minetardai,MineTard AI,mtard,64,2024-11-30,2025-02-01,64
minidoge3,Minidoge,minidoge,46,2024-12-18,2025-02-01,46
minimini,mini,mini,79,2024-11-13,2025-02-01,79
mist2,MIST,霞,75,2024-11-19,2025-02-01,75
mizuki,Mizuki,mizuki,46,2024-12-18,2025-02-01,46
moai,MOAI,moai,80,2024-11-12,2025-02-01,80
moe4,MOE,moe,59,2024-12-05,2025-02-01,59
moew,MOEW,moew,71,2024-11-23,2025-02-01,71
monaarcane,Mona Arcane,mona,52,2024-12-12,2025-02-01,52
mongcoin,MongCoin,mong,82,2024-11-11,2025-02-01,82
monkeyhaircut,monkeyhaircut,monk,82,2024-11-11,2025-02-01,82
monkeypox,Monkey Pox,pox,80,2024-11-11,2025-02-01,80
monkeysolinu,monkey sol inu,msi,42,2024-12-22,2025-02-01,42
moodeng2,MOO DENG,moodeng,82,2024-11-11,2025-02-01,82
moonbag,MoonBag,mbag,81,2024-11-11,2025-02-01,81
moonscape2,MoonScape,moon,79,2024-11-11,2025-02-01,79
morris,MORRIS,morris,77,2024-11-15,2025-02-01,77
morud,Morud,morud,81,2024-11-11,2025-02-01,81
moss,MOSS,moss,37,2024-12-27,2025-02-01,37
moth2,Moth,moth,81,2024-11-11,2025-02-01,81
motheriggy,Mother Iggy,mother,73,2024-11-21,2025-02-01,73
mrmayonnaisethecat,Mr Mayonnaise the Cat,mayo,76,2024-11-15,2025-01-31,76
mstr2100,MSTR2100,mstr,80,2024-11-12,2025-02-01,80
mumuthebull3,MUMU THE BULL,mumu,41,2024-12-23,2025-02-01,41
muskit,Musk It,muskit,51,2024-12-13,2025-02-01,51
musmecoin,MusmeCoin,msm,54,2024-12-10,2025-02-01,54
mut,MUT,mut,71,2024-11-23,2025-02-01,71
myro,Myro,$myro,30,2025-01-03,2025-02-01,30
mystery2,Mystery,mystery,50,2024-12-14,2025-02-01,50
nailong,Nailong,nailong,82,2024-11-11,2025-02-01,82
naitzsche,Naitzsche,nai,46,2024-12-18,2025-02-01,46
nakedjim,Naked Jim,$jim,28,2025-01-05,2025-02-01,28
nasdaq420,Nasdaq420,nasdaq420,82,2024-11-11,2025-02-01,82
navalai,NAVAL AI,naval ai,75,2024-11-19,2025-02-01,75
ndx6900,NDX6900,ndx,81,2024-11-11,2025-02-01,81
neirei,Neirei,neirei,79,2024-11-11,2025-01-31,79
neiro,Neiro,neiro,82,2024-11-11,2025-02-01,82
neiro2,Neiro,neiro,82,2024-11-11,2025-02-01,82
neirooneth,Neiro on ETH,neiro,54,2024-12-10,2025-02-01,54
neroboss,Neroboss,neroboss,51,2024-12-13,2025-02-01,51
neversol,neversol,never,81,2024-11-11,2025-02-01,81
newbabyelephanthoustonzoo,New Baby Elephant Houston Zoo,kirby,73,2024-11-21,2025-02-01,73
newbornhaggispygmyhippo,New Born Haggis Pygmy Hippo,haggis,82,2024-11-11,2025-02-01,82
nightfury,Night Fury,fury,42,2024-12-22,2025-02-01,42
ninjasquad,Ninja Squad Token,nst,66,2024-11-28,2025-02-01,66
no1tiktokcat,No1 tiktok cat,puff,75,2024-11-16,2025-02-01,75
nomansland,No Mans Land,nml,67,2024-11-19,2025-01-31,67
nomnom,nomnom,nomnom,82,2024-11-11,2025-02-01,82
noods,Noods,noods,73,2024-11-15,2025-02-01,73
noooomeme,Noooomeme,noooo,79,2024-11-11,2025-02-01,79
nothing4,Nothing,void,58,2024-12-06,2025-02-01,58
novaonmars,Nova on Mars,nova,58,2024-12-06,2025-02-01,58
npconsolana,NPC On Solana,npcs,82,2024-11-11,2025-02-01,82
nullmatrix,NULL MATRIX,nan,81,2024-11-11,2025-02-01,81
number,NUMBER,$number,32,2025-01-01,2025-02-01,32
numogram,Numogram,gnon,82,2024-11-11,2025-02-01,82
nutcoinmeme,NutCoin,nut,59,2024-12-05,2025-02-01,59
nya,Nya,nya,82,2024-11-11,2025-02-01,82
nyanmemecoin,Nyan Meme Coin,nyan,75,2024-11-18,2025-02-01,75
obipnutkenobi,Obi PNut Kenobi,opk,80,2024-11-12,2025-02-01,80
obot,OBOT,obot,75,2024-11-19,2025-02-01,75
offcialmascotoftheholyyear,Luce,luce,44,2024-12-20,2025-02-01,44
ogroaringkitty,Roaring Kitty,$roar,82,2024-11-11,2025-02-01,82
ogsminem,OG SMINEM,ogsm,76,2024-11-11,2025-02-01,76
okane,OKANE,okane,73,2024-11-19,2025-02-01,73
omega2,Omega,omega,82,2024-11-11,2025-02-01,82
omnicat,OmniCat,omni,81,2024-11-11,2025-02-01,81
oneunchillgal,one unchill gal,gal,67,2024-11-27,2025-02-01,67
optimusai,Optimus AI,opti,82,2024-11-11,2025-02-01,82
opus2,Opus,opus,67,2024-11-27,2025-02-01,67
opxlive,OPX LIVE,opxl,43,2024-12-21,2025-02-01,43
orbit3,ORBIT,grift,51,2024-12-13,2025-02-01,51
orc,ORC,orc,80,2024-11-11,2025-02-01,80
oscar,OSCAR,oscar,82,2024-11-11,2025-02-01,82
pajamascat,Pajamas Cat,pajamas,82,2024-11-11,2025-02-01,82
patriot,Patriot,patriot,82,2024-11-11,2025-02-01,82
peanie,peanie,peanie,80,2024-11-11,2025-02-01,80
peanut2,Peanut,peanut,81,2024-11-11,2025-02-01,81
peanut3,Peanut,pnut,81,2024-11-11,2025-02-01,81
peepoeth,Peepo,pepo,81,2024-11-11,2025-02-01,81
peipeicoinvip,PeiPei,peipei,78,2024-11-15,2025-02-01,78
peng,Peng,peng,82,2024-11-11,2025-02-01,82
pepe20,Pepe 2.0,pepe2.0,67,2024-11-27,2025-02-01,67
pepeai2,pepeAI,pepeai,70,2024-11-23,2025-02-01,70
pepefork,PepeFork,pork,80,2024-11-12,2025-02-01,80
pepeinamemesworld,pepe in a memes world,pew,78,2024-11-15,2025-02-01,78
pepesol,Pepe on SOL,pepe,81,2024-11-11,2025-02-01,81
pepethekingprawn,Pepe the King Prawn,prawn,54,2024-12-10,2025-02-01,54
pepetrump,Pepe Trump,ptrump,77,2024-11-15,2025-02-01,77
pepoclown,Pepoclown,honk,47,2024-11-11,2025-01-15,47
pestothebabykingpenguin,Pesto the Baby King Penguin,pesto,82,2024-11-11,2025-02-01,82
petunia,Petunia,petunia,81,2024-11-11,2025-02-01,81
phil,Phil,phil,82,2024-11-11,2025-02-01,82
pigeontech,Pigeon Tech,govai,79,2024-11-11,2025-02-01,79
pikaboss,Pikaboss,pika,82,2024-11-11,2025-02-01,82
pillzumi,Pillzumi,pillzumi,48,2024-12-16,2025-02-01,48
pingdog,Ping Dog,ping,80,2024-11-11,2025-02-01,80
pino,PINO,pino,80,2024-11-11,2025-02-01,80
pippin,pippin,pippin,76,2024-11-18,2025-02-01,76
pisces,Pisces,pisces,77,2024-11-15,2025-02-01,77
planktoninpain,Plankton in Pain,aaahhm,47,2024-12-17,2025-02-01,47
pledge2,Pledge,pledge,52,2024-12-11,2025-01-31,52
pnutsforsquirrel,Pnuts for squirrel,pnuts,33,2024-11-21,2024-12-24,33
pnutssister,Pnut's Sister,chloe,78,2024-11-15,2025-02-01,78
pochita,Pochita,pochita,82,2024-11-11,2025-02-01,82
polydoge,PolyDoge,polydoge,82,2024-11-11,2025-02-01,82
ponk2,PONK,ponk,78,2024-11-13,2025-02-01,78
poochi,Poo Chi,$sir,14,2024-11-11,2024-11-27,14
popdog,POPDOG,popdog,82,2024-11-11,2025-02-01,82
popo2,Popo,popo,79,2024-11-11,2025-02-01,79
popothefrog,Popo The Frog,frop,81,2024-11-11,2025-02-01,81
poppy,Poppy,poppy,28,2025-01-05,2025-02-01,28
poupe,POUPE,poupe,71,2024-11-11,2025-01-21,71
powsche,POWSCHE,powsche,64,2024-11-30,2025-02-01,64
praist,Praist,praist,66,2024-11-28,2025-02-01,66
presidentexe,President.exe,aimaga,79,2024-11-11,2025-02-01,79
principalsnetwork,Principals Network,pnet,46,2024-12-18,2025-02-01,46
project89,Project89,project89,82,2024-11-11,2025-02-01,82
projectaeon,Project Aeon,aeon,74,2024-11-19,2025-02-01,74
prophetofethereum,Prophet of Ethereum,prophet,82,2024-11-11,2025-02-01,82
puffy,Puffy,puffy,80,2024-11-11,2025-02-01,80
pump2,PUMP,pump,72,2024-11-19,2025-02-01,72
pundu,Pundu,pundu,82,2024-11-11,2025-02-01,82
pupsordinals,PUPS (Ordinals) [OLD],pups,81,2024-11-11,2025-02-01,81
purplepepe,PURPLE PEPE,purpe,57,2024-12-07,2025-02-01,57
qstar,QSTAR,q*,82,2024-11-11,2025-02-01,82
quantifyai,QuantifyAI,qgg,50,2024-12-14,2025-02-01,50
quasar3,Quasar,quasar,67,2024-11-27,2025-02-01,67
ratescape,RAT Escape,rat,66,2024-11-28,2025-02-01,66
rawr,Rawr,xd,82,2024-11-11,2025-02-01,82
real2,real.,real,80,2024-11-11,2025-02-01,80
realisworlds,Realis Worlds,realis,51,2024-12-13,2025-02-01,51
realsmurfcat,Real Smurf Cat,smurfcat,82,2024-11-11,2025-02-01,82
realworldai,Real World AI,rwa,43,2024-12-21,2025-02-01,43
redgenesis,Red Genesis,$r3d,32,2025-01-01,2025-02-01,32
redsiberianhusky,Red Siberian Husky,kovu,33,2024-12-31,2025-02-01,33
reflectionsofdissonanceai,Reflections of Dissonance AI,aika,74,2024-11-20,2025-02-01,74
rekt4,Rekt,rekt,68,2024-11-26,2025-02-01,68
retardio,RETARDIO,retardio,41,2024-12-23,2025-02-01,41
rex3,Rex,rex,75,2024-11-19,2025-02-01,75
ribbit2,RIBBIT,rbt,82,2024-11-11,2025-02-01,82
rifampicin,Rifampicin,$rif,53,2024-12-11,2025-02-01,53
riko,RIKO,riko,82,2024-11-11,2025-02-01,82
rizo,Rizo,rizo,75,2024-11-18,2025-02-01,75
rizzmas,Rizzmas,rizzmas,66,2024-11-28,2025-02-01,66
rnttoken,RNT,rnt,73,2024-11-21,2025-02-01,73
roastmaster9000,Roastmaster9000,rm9000,61,2024-12-03,2025-02-01,61
rock3,ROCK,rock,79,2024-11-11,2025-02-01,79
rockytherock,Rocky,rocky,82,2024-11-11,2025-02-01,82
roflcopter,ROFLcopter,rofl,64,2024-11-28,2025-02-01,64
ronnie,Ronnie,ronnie,82,2024-11-11,2025-02-01,82
ropirito,Ropirito,ropirito,72,2024-11-22,2025-02-01,72
rsnoofi,r/snoofi,r/snoofi,82,2024-11-11,2025-02-01,82
runneroneth,Runner on ETH,runner,76,2024-11-13,2025-01-31,76
ruritruthterminalscrush,Ruri - Truth Terminal's Crush,ruri,72,2024-11-21,2025-02-01,72
ryujin,RyuJin,ryu,82,2024-11-11,2025-02-01,82
saadboi,Saad Boi,saad,36,2024-12-28,2025-02-01,36
sadant,SADANT,sadant,57,2024-12-06,2025-02-01,57
sadhamster,SAD HAMSTER,hammy,82,2024-11-11,2025-02-01,82
safukekgigafundz888,Safu & Kek Gigafundz 888,skg888,78,2024-11-13,2025-02-01,78
sageuniverse,Sage Universe,sage,78,2024-11-11,2025-02-01,78
sagittarius,Sagittarius,sagit,72,2024-11-21,2025-02-01,72
salvatormundi,Salvator Mundi,mundi,60,2024-12-04,2025-02-01,60
samoyedcoin,Samoyedcoin,samo,82,2024-11-11,2025-02-01,82
santa2,SANTA,santa,63,2024-12-01,2025-02-01,63
santahat,SANTA HAT,santahat,63,2024-12-01,2025-02-01,63
sbrsol,Strategic Bitcoin Reserve,sbr,75,2024-11-19,2025-02-01,75
schizoterminal,Schizo Terminal,schizo,44,2024-12-20,2025-02-01,44
scihub,sci-hub,scihub,73,2024-11-21,2025-02-01,73
scorpio,Scorpio,scorpio,77,2024-11-16,2025-02-01,77
scratch3,Scratch,$scratch,40,2024-12-22,2025-02-01,40
screaminghyrax,Screaming Hyrax,$mama,65,2024-11-29,2025-02-01,65
sealsreadytocrackpengusice,Seals-Ready to Crack Pengu's Ice,seals,41,2024-12-23,2025-02-01,41
selfiedogcoin,SelfieDogCoin,selfie,80,2024-11-12,2025-02-01,80
send2,Send,send,76,2024-11-18,2025-02-01,76
sendor,Sendor,sendor,70,2024-11-24,2025-02-01,70
sensus,SENSUS,sensus,62,2024-12-02,2025-02-01,62
sentientai,Sentient AI,setai,29,2025-01-04,2025-02-01,29
sharbi,Sharbi,$sharbi,82,2024-11-11,2025-02-01,82
sharkcat,Shark Cat,sc,82,2024-11-11,2025-02-01,82
sharki,Sharki,sharki,81,2024-11-11,2025-02-01,81
sherises,She Rises,aka,36,2024-12-28,2025-02-01,36
shibaclassic2,Shiba Classic,shibc,5,2024-12-23,2024-12-27,5
shibapredator,Shiba Predator,qom,25,2024-11-12,2024-12-15,25
shibashootout,Shibashootout,$shibashoot,66,2024-11-26,2025-02-01,66
shibawing,Shiba Wing,wing,53,2024-11-11,2025-02-01,53
shibwifhatcoin,Shibwifhatcoin,shib,81,2024-11-11,2025-02-01,81
shifu,Shifu,shifu,39,2024-12-25,2025-02-01,39
shinainu,Shina Inu,shi,82,2024-11-11,2025-02-01,82
shitcoin3,SHITCOIN,shitcoin,42,2024-12-21,2025-02-01,42
shoggoth,Shoggoth,shoggoth,82,2024-11-11,2025-02-01,82
shrub,Shrub,shrub,67,2024-11-27,2025-02-01,67
shrub2,Shrub,$shrub,81,2024-11-11,2025-02-01,81
sigma,Sigma,sigma,69,2024-11-25,2025-02-01,69
sillydragon,Silly Dragon,silly,82,2024-11-11,2025-02-01,82
sillynubcat,Sillynubcat,nub,82,2024-11-11,2025-02-01,82
simmitoken,Simmi Token,simmi,51,2024-12-13,2025-02-01,51
simsai,SimsAI,simsai,38,2024-12-26,2025-02-01,38
singularry,Singularry,singularry,54,2024-12-10,2025-02-01,54
size,SIZE,size,59,2024-12-05,2025-02-01,59
skainet,SKAINET,skai,59,2024-12-05,2025-02-01,59
skibiditoilet2,Skibidi Toilet,skbdi,77,2024-11-16,2025-02-01,77
slop,Slop,slop,82,2024-11-11,2025-02-01,82
slopfather,Slopfather,fatha,47,2024-12-17,2025-02-01,47
slothana,Slothana,sloth,82,2024-11-11,2025-02-01,82
smilingdolphin,Smiling Dolphin,miharu,80,2024-11-12,2025-02-01,80
smokingchickenfish,Smoking Chicken Fish,scf,76,2024-11-18,2025-02-01,76
snakewifhat,Snake wif Hat,sssss,73,2024-11-21,2025-02-01,73
snapkero,SNAP,$nap,82,2024-11-11,2025-02-01,82
sofacat,SofaCat,sofac,78,2024-11-15,2025-02-01,78
solama,Solama,solama,81,2024-11-11,2025-02-01,81
solarisai,Solaris AI,solaris,78,2024-11-15,2025-02-01,78
solcat,SOLCAT,solcat,67,2024-11-27,2025-02-01,67
solchat,Solchat,chat,82,2024-11-11,2025-02-01,82
solnic,Solnic,solnic,81,2024-11-11,2025-02-01,81
speedy2,Speedy,speedy,82,2024-11-11,2025-02-01,82
spikeoneth,Spike,spike,80,2024-11-11,2025-02-01,80
spinningcat,Spinning Cat,oiiaoiia,72,2024-11-21,2025-02-01,72
splashdog,Splash Dog,buster,56,2024-12-08,2025-02-01,56
spunkysdx,SpunkySDX,ssdx,54,2024-12-10,2025-02-01,54
spx690020,SPX6900 2.0,spx2.0,80,2024-11-11,2025-02-01,80
sqrfund,sqrFUND,sqr,47,2024-12-17,2025-02-01,47
squidgrow2,SquidGrow,sqgrow,82,2024-11-11,2025-02-01,82
stardoge,StarDOGE,stardoge,66,2024-11-28,2025-02-01,66
starecat,StareCat,helia,78,2024-11-15,2025-02-01,78
staringrobot,staring robot,sonny,80,2024-11-12,2025-02-01,80
stars2,STARS,stars,36,2024-12-28,2025-02-01,36
stashinu,Stash Inu,stash,81,2024-11-11,2025-02-01,81
stick,Stick,stick,70,2024-11-24,2025-02-01,70
stonks4,Stonks,stnk,40,2024-12-24,2025-02-01,40
strategicbitcoinreserve,STRATEGIC BITCOIN RESERVE,sbr,82,2024-11-11,2025-02-01,82
strategichubforinnovationinblockchain,Strategic Hub for Innovation in Blockchain,shib,74,2024-11-13,2025-01-30,74
styrosteve,Styro Steve,ss,42,2024-12-22,2025-02-01,42
successkid,Success Kid,skid,81,2024-11-11,2025-02-01,81
supercyclereal,supercycle(real),supercycle,82,2024-11-11,2025-02-01,82
supertrump,Super Trump,strump,82,2024-11-11,2025-02-01,82
suwi,suwi,suwi,82,2024-11-11,2025-02-01,82
swaggy,SWAGGY,swaggy,79,2024-11-12,2025-02-01,79
swarm2,Swarm,swarm,72,2024-11-19,2025-02-01,72
swarmnodeai,SwarmNode.ai,snai,41,2024-12-23,2025-02-01,41
tabman,TabMan,tab,81,2024-11-11,2025-02-01,81
taoinu,TAO INU,taonu,82,2024-11-11,2025-02-01,82
tateterminal,Tate Terminal,tate,82,2024-11-11,2025-02-01,82
taurus2,Taurus,taurus,71,2024-11-21,2025-02-01,71
tehepikduck,TEH EPIK DUCK,epik,82,2024-11-11,2025-02-01,82
tema,Tema,tema,65,2024-11-29,2025-02-01,65
tensorium,Tensorium,tnsr,63,2024-12-01,2025-02-01,63
terminus2,Terminus,terminus,82,2024-11-11,2025-02-01,82
terminus3,Terminus,terminus,82,2024-11-11,2025-02-01,82
terryinthetrenches,Terry In The Trenches,terry,67,2024-11-27,2025-02-01,67
tetsuocoin,Tetsuo Coin,tetsuo,43,2024-12-21,2025-02-01,43
thalesai,Thales AI,thales,50,2024-12-14,2025-02-01,50
theanthropicorder,The Anthropic Order,tao,59,2024-12-05,2025-02-01,59
thebalkandwarf,The Balkan Dwarf,$kekec,82,2024-11-11,2025-02-01,82
theblinkingaicatcatfather,The Blinking AI Cat - Catfather,catf,27,2025-01-06,2025-02-01,27
thecat,TheCat,thecat,81,2024-11-11,2025-02-01,81
thedogenft,Own The Doge,dog,55,2024-12-09,2025-02-01,55
thelastplay,The Last Play,retire,82,2024-11-11,2025-02-01,82
thelokiecabal,The Lokie Cabal,cabal,56,2024-12-05,2025-01-31,56
thenuttingprofessor,The Nutting Professor,pronut,45,2024-12-19,2025-02-01,45
thereallandwolf,LandWolf,wolf,82,2024-11-11,2025-02-01,82
therugcoon,The RugCoon,rugga,80,2024-11-11,2025-02-01,80
thesocietylibrary,The Society Library,sl,71,2024-11-22,2025-02-01,71
thesoldog,the Soldog,laika,82,2024-11-11,2025-02-01,82
thetickeriseth,The Ticker Is ETH,eth,81,2024-11-11,2025-02-01,81
theydontloveyoulikeiloveyou,theydontloveyoulikeiloveyou,wait,73,2024-11-21,2025-02-01,73
toadkiller,Toad Killer,$toad,70,2024-11-11,2025-01-20,70
toadsol,Toad (SOL),$toad,49,2024-11-11,2025-01-07,49
tobi,tobi,tobi,82,2024-11-11,2025-02-01,82
toco,TOCO,toco,45,2024-12-19,2025-02-01,45
todd,todd,todd,80,2024-11-12,2025-02-01,80
toga,TOGA,toga,82,2024-11-11,2025-02-01,82
toki2,Toki,toki,4,2024-12-22,2024-12-26,4
tomocat,Tomo Cat,tomo,61,2024-12-03,2025-02-01,61
tookerkurlson,tooker kurlson,tooker,80,2024-11-11,2025-02-01,80
tophat,Top Hat,hat,79,2024-11-13,2025-02-01,79
topprotocol,TOP PROTOCOL,top,79,2024-11-12,2025-01-31,79
torithecat,Tori the Cat,tori,78,2024-11-11,2025-01-30,78
torsy,TORSY,torsy,82,2024-11-11,2025-02-01,82
trackedbio,TrackedBio,trackedbio,67,2024-11-27,2025-02-01,67
trenchai,TrenchAI,trenchai,39,2024-12-25,2025-02-01,39
trisigma,Tri Sigma,trisig,62,2024-12-02,2025-02-01,62
trog,Trog,trog,44,2024-12-20,2025-02-01,44
troll,Troll,troll,82,2024-11-11,2025-02-01,82
trumpderangementsyndrome,Trump Derangement Syndrome,tds,77,2024-11-12,2025-02-01,77
trumpiusmaximus,Trumpius Maximus,trumpius,29,2025-01-04,2025-02-01,29
trumpshuffle,Trump Shuffle,shuffle,73,2024-11-21,2025-02-01,73
trusttheprocess,Trust The Process,trust,47,2024-12-17,2025-02-01,47
tsotchke,Tsotchke,tsotchke,43,2024-12-21,2025-02-01,43
tsuba,TSUBA,tsuba,34,2024-12-30,2025-02-01,34
tuki,tuki,tuki,81,2024-11-11,2025-02-01,81
uglydog,Ugly Dog,uglydog,51,2024-12-13,2025-02-01,51
unfk,UNFK,$unfk,74,2024-11-20,2025-02-01,74
unicornfartdust,Unicorn Fart Dust,ufd,30,2025-01-03,2025-02-01,30
universalbasiccompute,Universal Basic Compute,ubc,65,2024-11-29,2025-02-01,65
universaloperatingsystem,Universal Operating System,$uos,31,2025-01-02,2025-02-01,31
upgrates,Upgrates,upg,75,2024-11-19,2025-02-01,75
upsidedowncat2,upsidedowncat,usdcat,78,2024-11-15,2025-02-01,78
uranus3,Uranus,urs,82,2024-11-11,2025-02-01,82
urolithina,Urolithin A,$uro,73,2024-11-21,2025-02-01,73
valhallaindex,Valhalla Index,odin,82,2024-11-11,2025-02-01,82
vaticanmascot,Vatican Mascot,luce,73,2024-11-15,2025-01-30,73
vaultterminal,Vault Terminal,vault,74,2024-11-20,2025-02-01,74
venko,VENKO,$venko,81,2024-11-11,2025-02-01,81
vibecat2,Vibe Cat,vibe,74,2024-11-20,2025-02-01,74
vibingcat,Vibing Cat,vcat,80,2024-11-11,2025-02-01,80
virgo2,Virgo,virgo,77,2024-11-15,2025-02-01,77
vitai,VitAI,vitai,56,2024-12-06,2025-02-01,56
vitainu,Vita Inu,vinu,82,2024-11-11,2025-02-01,82
voiceartificial,Voice Artificial,var,30,2025-01-03,2025-02-01,30
voltinu2,Volt Inu,volt,82,2024-11-11,2025-02-01,82
voyagerai,Voyager AI,voyage,51,2024-12-13,2025-02-01,51
waffles,Waffles,waffles,82,2024-11-11,2025-02-01,82
wallstreetmemes,Wall Street Memes,wsm,81,2024-11-11,2025-02-01,81
wally,Wally,wally,76,2024-11-13,2025-02-01,76
walterdogsolana,Walter,walter,80,2024-11-12,2025-02-01,80
wassie,WASSIE,wassie,82,2024-11-11,2025-02-01,82
wat,Wat,wat,39,2024-12-25,2025-02-01,39
waterbear,waterbear,waterbear,71,2024-11-23,2025-02-01,71
watercoin,WATER Coin,water,81,2024-11-11,2025-02-01,81
wawacat,WAWA CAT,wawa,81,2024-11-11,2025-02-01,81
weirdmedievalmemes,Weird Medieval Memes,wmm,67,2024-11-27,2025-02-01,67
wen4,Wen,wen,31,2025-01-02,2025-02-01,31
whatsupdog,What’s Updog?,$updog,81,2024-11-11,2025-02-01,81
whinecoin,Whine Coin,whine,56,2024-11-27,2025-02-01,56
whiskey,WHISKEY,whiskey,81,2024-11-11,2025-02-01,81
why,WHY,why,82,2024-11-11,2025-02-01,82
whyyoutouzhele,Whyyoutouzhele,li,30,2025-01-03,2025-02-01,30
wibwob,WibWob,wibwob,75,2024-11-19,2025-02-01,75
wicked,Wicked,wicked,81,2024-11-11,2025-02-01,81
wifejak,Wifejak,wife,73,2024-11-20,2025-02-01,73
wildgoatcoin2,Wild Goat Coin,wgc,74,2024-11-19,2025-02-01,74
winniethepoodle,Winnie the Poodle,winnie,82,2024-11-11,2025-02-01,82
winterarc,Winter Arc,winter,71,2024-11-21,2025-02-01,71
wojak,Wojak,wojak,38,2024-12-26,2025-02-01,38
wolfofwallstreet,Wolf of Wall Street,$wolf,66,2024-11-11,2025-01-31,66
womanyellingatcat,Woman Yelling At Cat,wyac,80,2024-11-11,2025-02-01,80
wooftoken,WOOF,woof,69,2024-11-25,2025-02-01,69
work,WORK,work,50,2024-12-14,2025-02-01,50
would,would,would,58,2024-12-06,2025-02-01,58
wrappedayeayecoin,Wrapped AyeAyeCoin,waac,79,2024-11-11,2025-02-01,79
wrappeddog,Wrapped DOG,wdog,82,2024-11-11,2025-02-01,82
wuffi,WUFFI,wuf,46,2024-12-18,2025-02-01,46
xcommunity,X Community,x,37,2024-12-27,2025-02-01,37
xenopuslaevis,Xenopus laevis,xeno,46,2024-12-18,2025-02-01,46
xingxing,Xing Xing,xing,73,2024-11-21,2025-02-01,73
yap,yap,yap,78,2024-11-11,2025-02-01,78
yawnsworld,Yawn's World,yawn,58,2024-11-11,2025-01-31,58
yellowpepe,Yellow Pepe,yelpe,62,2024-12-02,2025-02-01,62
yeschad,Yes Chad,yes,75,2024-11-19,2025-02-01,75
yne,yesnoerror,yne,30,2025-01-03,2025-02-01,30
yousim,YouSim,yousim,67,2024-11-27,2025-02-01,67
yowie,YOWIE,yowie,76,2024-11-15,2025-01-31,76
zackmorris,Zack Morris,zack,81,2024-11-11,2025-02-01,81
zaraai,ZARA AI,zara,37,2024-12-27,2025-02-01,37
zazu2,Zazu,zazu,80,2024-11-11,2025-02-01,80
zenith3,Zenith,zen,57,2024-12-07,2025-02-01,57
zerebrotokenoftransformation,Zerebro Token Of Transformation,gaycoin,37,2024-12-27,2025-02-01,37
zerotech,MEOW,meow,82,2024-11-11,2025-02-01,82
zeus3,ZEUS,zeus,30,2025-01-03,2025-02-01,30
zoaai,ZOA AI,zoa,71,2024-11-22,2025-02-01,71
zods,ZODs,zods,43,2024-12-21,2025-02-01,43
zoomer,Zoomer,zoomer,82,2024-11-11,2025-02-01,82
zoomersol,Zoomer,zoomer,79,2024-11-11,2025-02-01,79
zyncoin2,ZynCoin,zyn,82,2024-11-11,2025-02-01,82
