sheet_name,too_few_rows,low_price_coverage,invalid_date,missing_required_columns,other_reason,final_included,reason
a16gems,True,False,False,False,False,False,too_few_rows<30
aaacat,False,True,True,False,False,False,invalid_date;low_price_coverage<0.7
aavegotchi,True,False,False,False,False,False,too_few_rows<30
actual,True,True,True,False,False,False,too_few_rows<30;invalid_date;low_price_coverage<0.7
aerobud,False,True,True,False,False,False,invalid_date;low_price_coverage<0.7
aethernet,True,True,True,False,False,False,too_few_rows<30;invalid_date;low_price_coverage<0.7
agenda47,True,False,False,False,False,False,too_few_rows<30
agents,False,True,True,False,False,False,invalid_date;low_price_coverage<0.7
agentzero,False,True,True,False,False,False,invalid_date;low_price_coverage<0.7
ahatoken,False,True,True,False,False,False,invalid_date;low_price_coverage<0.7
aicrostrategy,False,True,True,False,False,False,invalid_date;low_price_coverage<0.7
aida,True,True,True,False,False,False,too_few_rows<30;invalid_date;low_price_coverage<0.7
aintivirus2,True,False,False,False,False,False,too_few_rows<30
airene,False,True,True,False,False,False,invalid_date;low_price_coverage<0.7
aiws,True,True,True,False,False,False,too_few_rows<30;invalid_date;low_price_coverage<0.7
akumainu,False,True,True,False,False,False,invalid_date;low_price_coverage<0.7
allwillretire,True,False,False,False,False,False,too_few_rows<30
allyourbase2,False,True,True,False,False,False,invalid_date;low_price_coverage<0.7
amocucinare,False,True,True,False,False,False,invalid_date;low_price_coverage<0.7
andy4,True,False,False,False,False,False,too_few_rows<30
andyerc,False,True,True,False,False,False,invalid_date;low_price_coverage<0.7
andyonbase,False,True,True,False,False,False,invalid_date;low_price_coverage<0.7
army,True,False,False,False,False,False,too_few_rows<30
army3,False,True,True,False,False,False,invalid_date;low_price_coverage<0.7
assai,True,False,False,False,False,False,too_few_rows<30
atabyvirtuals,True,True,True,False,False,False,too_few_rows<30;invalid_date;low_price_coverage<0.7
atehun,False,True,True,False,False,False,invalid_date;low_price_coverage<0.7
autist,False,True,True,False,False,False,invalid_date;low_price_coverage<0.7
axol,False,True,True,False,False,False,invalid_date;low_price_coverage<0.7
babyfwog,True,False,False,False,False,False,too_few_rows<30
babypengu,True,True,True,False,False,False,too_few_rows<30;invalid_date;low_price_coverage<0.7
babysharkmeme,True,False,False,False,False,False,too_few_rows<30
babytiger,False,True,True,False,False,False,invalid_date;low_price_coverage<0.7
bambooonbase,False,True,True,False,False,False,invalid_date;low_price_coverage<0.7
banano,False,True,True,False,False,False,invalid_date;low_price_coverage<0.7
bangkit,True,True,True,False,False,False,too_few_rows<30;invalid_date;low_price_coverage<0.7
basedbario,False,True,True,False,False,False,invalid_date;low_price_coverage<0.7
basedbutthole,True,True,True,False,False,False,too_few_rows<30;invalid_date;low_price_coverage<0.7
basedchad,False,True,True,False,False,False,invalid_date;low_price_coverage<0.7
basedfartcoin,False,True,True,False,False,False,invalid_date;low_price_coverage<0.7
basedfwog,False,True,True,False,False,False,invalid_date;low_price_coverage<0.7
basedhoppy,True,True,True,False,False,False,too_few_rows<30;invalid_date;low_price_coverage<0.7
basedinternetpandarunes,False,True,True,False,False,False,invalid_date;low_price_coverage<0.7
basedpepe,False,True,True,False,False,False,invalid_date;low_price_coverage<0.7
basedturbo,True,True,True,False,False,False,too_few_rows<30;invalid_date;low_price_coverage<0.7
basegod,False,True,True,False,False,False,invalid_date;low_price_coverage<0.7
basenji,False,True,True,False,False,False,invalid_date;low_price_coverage<0.7
beamcat,False,True,True,False,False,False,invalid_date;low_price_coverage<0.7
beatsonbase,False,True,True,False,False,False,invalid_date;low_price_coverage<0.7
beebase,False,True,True,False,False,False,invalid_date;low_price_coverage<0.7
beegbluewhale,False,True,True,False,False,False,invalid_date;low_price_coverage<0.7
beenz,True,False,False,False,False,False,too_few_rows<30
bellscoin,True,True,True,False,False,False,too_few_rows<30;invalid_date;low_price_coverage<0.7
beni,False,True,True,False,False,False,invalid_date;low_price_coverage<0.7
bigtony,True,True,True,False,False,False,too_few_rows<30;invalid_date;low_price_coverage<0.7
birdsping,False,True,True,False,False,False,invalid_date;low_price_coverage<0.7
bitcoinbrobearrunes,False,True,True,False,False,False,invalid_date;low_price_coverage<0.7
bitcoinonbase,True,True,True,False,False,False,too_few_rows<30;invalid_date;low_price_coverage<0.7
blackdragon,False,True,True,False,False,False,invalid_date;low_price_coverage<0.7
blackrack,True,False,False,False,False,False,too_few_rows<30
blepsupermeme,False,True,True,False,False,False,invalid_date;low_price_coverage<0.7
blub,False,True,True,False,False,False,invalid_date;low_price_coverage<0.7
bmoneyakabrett,False,True,True,False,False,False,invalid_date;low_price_coverage<0.7
bob3,False,True,True,False,False,False,invalid_date;low_price_coverage<0.7
bonkey,False,True,True,False,False,False,invalid_date;low_price_coverage<0.7
boomer,False,True,True,False,False,False,invalid_date;low_price_coverage<0.7
booshi,False,True,True,False,False,False,invalid_date;low_price_coverage<0.7
bored2,False,True,True,False,False,False,invalid_date;low_price_coverage<0.7
boysclub,True,False,False,False,False,False,too_few_rows<30
breakoutbrobyvirtuals,False,True,True,False,False,False,invalid_date;low_price_coverage<0.7
brian,False,True,True,False,False,False,invalid_date;low_price_coverage<0.7
britto2,True,True,True,False,False,False,too_few_rows<30;invalid_date;low_price_coverage<0.7
bsop,True,True,True,False,False,False,too_few_rows<30;invalid_date;low_price_coverage<0.7
bubbles2,False,True,True,False,False,False,invalid_date;low_price_coverage<0.7
bulla2,True,True,True,False,False,False,too_few_rows<30;invalid_date;low_price_coverage<0.7
bulldogito,True,False,False,False,False,False,too_few_rows<30
burt,False,True,True,False,False,False,invalid_date;low_price_coverage<0.7
buttcoin3,True,False,False,False,False,False,too_few_rows<30
buttholes,True,False,False,False,False,False,too_few_rows<30
calvininthecabal,True,False,False,False,False,False,too_few_rows<30
cameldad,True,False,False,False,False,False,too_few_rows<30
carlo,False,True,True,False,False,False,invalid_date;low_price_coverage<0.7
catbal,False,True,True,False,False,False,invalid_date;low_price_coverage<0.7
catcoin,False,True,True,False,False,False,invalid_date;low_price_coverage<0.7
catwifhat,True,False,False,False,False,False,too_few_rows<30
chaisavings,True,False,False,False,False,False,too_few_rows<30
charlesthechad,False,True,True,False,False,False,invalid_date;low_price_coverage<0.7
chatoshi,True,False,False,False,False,False,too_few_rows<30
chelon,True,False,False,False,False,False,too_few_rows<30
chihuahuatoken,False,True,True,False,False,False,invalid_date;low_price_coverage<0.7
chillguy,True,False,False,False,False,False,too_few_rows<30
chinesedogewow,False,True,True,False,False,False,invalid_date;low_price_coverage<0.7
chompcoin,False,True,False,False,False,False,low_price_coverage<0.7
clankfun,False,True,True,False,False,False,invalid_date;low_price_coverage<0.7
clayton,True,True,True,False,False,False,too_few_rows<30;invalid_date;low_price_coverage<0.7
coffee2,False,True,True,False,False,False,invalid_date;low_price_coverage<0.7
coin6900,False,True,True,False,False,False,invalid_date;low_price_coverage<0.7
coinyewest,True,True,True,False,False,False,too_few_rows<30;invalid_date;low_price_coverage<0.7
condo,False,True,True,False,False,False,invalid_date;low_price_coverage<0.7
coqai,True,False,False,False,False,False,too_few_rows<30
crashonbase,False,True,True,False,False,False,invalid_date;low_price_coverage<0.7
cryptobro,True,False,False,False,False,False,too_few_rows<30
curtis,False,True,True,False,False,False,invalid_date;low_price_coverage<0.7
cuteasiangirl,True,True,True,False,False,False,too_few_rows<30;invalid_date;low_price_coverage<0.7
cyberdog,False,True,True,False,False,False,invalid_date;low_price_coverage<0.7
cyphergenesisrunes,False,True,True,False,False,False,invalid_date;low_price_coverage<0.7
cyphomancer,True,False,False,False,False,False,too_few_rows<30
degencapitalbyvirtuals,False,True,True,False,False,False,invalid_date;low_price_coverage<0.7
degenerativesitcom,True,False,False,False,False,False,too_few_rows<30
degeneratorproject,True,False,False,False,False,False,too_few_rows<30
departmentofgovernmentefficiency,True,False,False,False,False,False,too_few_rows<30
dickbutt,True,True,True,False,False,False,too_few_rows<30;invalid_date;low_price_coverage<0.7
dino2,True,True,True,False,False,False,too_few_rows<30;invalid_date;low_price_coverage<0.7
dogcoin2,True,False,False,False,False,False,too_few_rows<30
dogeai2,True,False,False,False,False,False,too_few_rows<30
dogeeatdoge,False,True,True,False,False,False,invalid_date;low_price_coverage<0.7
dogeinu,False,True,True,False,False,False,invalid_date;low_price_coverage<0.7
dogelink,True,False,False,False,False,False,too_few_rows<30
dogi,False,True,True,False,False,False,invalid_date;low_price_coverage<0.7
doginme,True,True,True,False,False,False,too_few_rows<30;invalid_date;low_price_coverage<0.7
dogk,True,True,True,False,False,False,too_few_rows<30;invalid_date;low_price_coverage<0.7
dogshitgoingnowhere,True,False,False,False,False,False,too_few_rows<30
dream2,False,True,True,False,False,False,invalid_date;low_price_coverage<0.7
drop2,False,True,True,False,False,False,invalid_date;low_price_coverage<0.7
elon4afd,True,False,False,False,False,False,too_few_rows<30
elontrumpfart,True,False,False,False,False,False,too_few_rows<30
fafo,True,False,False,False,False,False,too_few_rows<30
farm2,False,True,True,False,False,False,invalid_date;low_price_coverage<0.7
fartboy,True,False,False,False,False,False,too_few_rows<30
fatcat2,True,False,False,False,False,False,too_few_rows<30
fight,True,False,False,False,False,False,too_few_rows<30
flatearth,False,True,True,False,False,False,invalid_date;low_price_coverage<0.7
flockerz,True,False,False,False,False,False,too_few_rows<30
fofar2,False,True,True,False,False,False,invalid_date;low_price_coverage<0.7
forgivemefather,False,True,True,False,False,False,invalid_date;low_price_coverage<0.7
foxy,False,True,True,False,False,False,invalid_date;low_price_coverage<0.7
fpibank,True,True,True,False,False,False,too_few_rows<30;invalid_date;low_price_coverage<0.7
freysaai,False,True,True,False,False,False,invalid_date;low_price_coverage<0.7
fudthepug,False,True,True,False,False,False,invalid_date;low_price_coverage<0.7
fwogtakes,False,True,True,False,False,False,invalid_date;low_price_coverage<0.7
gekobase,False,True,True,False,False,False,invalid_date;low_price_coverage<0.7
gertrudedatapig,False,True,True,False,False,False,invalid_date;low_price_coverage<0.7
ghffb47yii2rteeyy10op,False,True,True,False,False,False,invalid_date;low_price_coverage<0.7
ghoad,False,True,True,False,False,False,invalid_date;low_price_coverage<0.7
gingergang,True,False,False,False,False,False,too_few_rows<30
gizmoimaginarykittenrunes,False,True,True,False,False,False,invalid_date;low_price_coverage<0.7
goatbased,True,True,True,False,False,False,too_few_rows<30;invalid_date;low_price_coverage<0.7
goats2,False,True,True,False,False,False,invalid_date;low_price_coverage<0.7
gobisgobisgob,True,True,True,False,False,False,too_few_rows<30;invalid_date;low_price_coverage<0.7
goggles,False,True,True,False,False,False,invalid_date;low_price_coverage<0.7
googles,True,True,True,False,False,False,too_few_rows<30;invalid_date;low_price_coverage<0.7
grass3,False,True,True,False,False,False,invalid_date;low_price_coverage<0.7
guanciale,False,True,True,False,False,False,invalid_date;low_price_coverage<0.7
guiinu,False,True,True,False,False,False,invalid_date;low_price_coverage<0.7
halloflegends,True,False,False,False,False,False,too_few_rows<30
hathor,False,True,True,False,False,False,invalid_date;low_price_coverage<0.7
hatom,False,True,True,False,False,False,invalid_date;low_price_coverage<0.7
hedgewaterdao,True,True,True,False,False,False,too_few_rows<30;invalid_date;low_price_coverage<0.7
hedgythehedgehog,False,True,True,False,False,False,invalid_date;low_price_coverage<0.7
henlo2,False,True,True,False,False,False,invalid_date;low_price_coverage<0.7
higher,False,True,True,False,False,False,invalid_date;low_price_coverage<0.7
hopcat,True,False,False,False,False,False,too_few_rows<30
hovercat,True,True,True,False,False,False,too_few_rows<30;invalid_date;low_price_coverage<0.7
hug,False,True,True,False,False,False,invalid_date;low_price_coverage<0.7
hyena,False,True,True,False,False,False,invalid_date;low_price_coverage<0.7
ifscience,True,False,False,False,False,False,too_few_rows<30
indi,False,True,True,False,False,False,invalid_date;low_price_coverage<0.7
internetdoge,False,True,True,False,False,False,invalid_date;low_price_coverage<0.7
inthememetime,True,False,False,False,False,False,too_few_rows<30
investzone,False,True,True,False,False,False,invalid_date;low_price_coverage<0.7
ionabyvirtuals,True,True,True,False,False,False,too_few_rows<30;invalid_date;low_price_coverage<0.7
ivy2,True,True,True,False,False,False,too_few_rows<30;invalid_date;low_price_coverage<0.7
jaihoz,True,True,True,False,False,False,too_few_rows<30;invalid_date;low_price_coverage<0.7
jeff3,False,True,True,False,False,False,invalid_date;low_price_coverage<0.7
justalotto,True,False,False,False,False,False,too_few_rows<30
justiceforzachxbt,True,False,False,False,False,False,too_few_rows<30
justkira,True,False,False,False,False,False,too_few_rows<30
kango,False,True,True,False,False,False,invalid_date;low_price_coverage<0.7
kapsel,True,False,False,False,False,False,too_few_rows<30
kasper,False,True,True,False,False,False,invalid_date;low_price_coverage<0.7
kaspy,False,True,True,False,False,False,invalid_date;low_price_coverage<0.7
kek3,True,False,False,False,False,False,too_few_rows<30
keke,False,True,True,False,False,False,invalid_date;low_price_coverage<0.7
kekiusmaximus4,True,False,False,False,False,False,too_few_rows<30
kenduinu2,False,True,True,False,False,False,invalid_date;low_price_coverage<0.7
keyboardcatbase,False,True,True,False,False,False,invalid_date;low_price_coverage<0.7
kiratheinjectivecat,False,True,True,False,False,False,invalid_date;low_price_coverage<0.7
kokutheshikoku,True,True,True,False,False,False,too_few_rows<30;invalid_date;low_price_coverage<0.7
konanofkaspa,False,True,True,False,False,False,invalid_date;low_price_coverage<0.7
landwolfbase,False,True,True,False,False,False,invalid_date;low_price_coverage<0.7
largelanguagemodel,True,False,False,False,False,False,too_few_rows<30
legit,True,False,False,False,False,False,too_few_rows<30
leopold,False,True,True,False,False,False,invalid_date;low_price_coverage<0.7
lfgo,False,True,False,False,False,False,low_price_coverage<0.7
lifechangingpill,True,False,False,False,False,False,too_few_rows<30
lilbrett,False,True,True,False,False,False,invalid_date;low_price_coverage<0.7
lilloai,True,False,False,False,False,False,too_few_rows<30
limitless,True,False,False,False,False,False,too_few_rows<30
liquina,False,True,True,False,False,False,invalid_date;low_price_coverage<0.7
liquor,False,True,True,False,False,False,invalid_date;low_price_coverage<0.7
lockinonbase,False,True,True,False,False,False,invalid_date;low_price_coverage<0.7
lofi2,False,True,True,False,False,False,invalid_date;low_price_coverage<0.7
loopysui,False,True,True,False,False,False,invalid_date;low_price_coverage<0.7
lou,True,False,False,False,False,False,too_few_rows<30
luckycoin,False,True,True,False,False,False,invalid_date;low_price_coverage<0.7
luminous,False,True,True,False,False,False,invalid_date;low_price_coverage<0.7
lumoscoin,False,True,True,False,False,False,invalid_date;low_price_coverage<0.7
machi,False,True,True,False,False,False,invalid_date;low_price_coverage<0.7
madeinamerica,True,False,False,False,False,False,too_few_rows<30
maga,True,False,False,False,False,False,too_few_rows<30
marsotech,False,True,True,False,False,False,invalid_date;low_price_coverage<0.7
memdex100,True,False,False,False,False,False,too_few_rows<30
memeerkat,False,True,True,False,False,False,invalid_date;low_price_coverage<0.7
memefi2,False,True,True,False,False,False,invalid_date;low_price_coverage<0.7
mementomori,False,True,True,False,False,False,invalid_date;low_price_coverage<0.7
meow3,False,True,True,False,False,False,invalid_date;low_price_coverage<0.7
mfercoin,False,True,True,False,False,False,invalid_date;low_price_coverage<0.7
miaocoin,True,False,False,False,False,False,too_few_rows<30
miladymemecoin,True,False,False,False,False,False,too_few_rows<30
millicoin,False,True,True,False,False,False,invalid_date;low_price_coverage<0.7
mistermiggles,False,True,True,False,False,False,invalid_date;low_price_coverage<0.7
mistery,False,True,True,False,False,False,invalid_date;low_price_coverage<0.7
mobcat,True,False,False,False,False,False,too_few_rows<30
mochithecatcoin,False,True,True,False,False,False,invalid_date;low_price_coverage<0.7
monko,True,True,True,False,False,False,too_few_rows<30;invalid_date;low_price_coverage<0.7
moomoo,False,True,True,False,False,False,invalid_date;low_price_coverage<0.7
moondogai,True,True,True,False,False,False,too_few_rows<30;invalid_date;low_price_coverage<0.7
moonrabbits,False,True,True,False,False,False,invalid_date;low_price_coverage<0.7
msqcycleburn,False,True,True,False,False,False,invalid_date;low_price_coverage<0.7
muncat,False,True,True,False,False,False,invalid_date;low_price_coverage<0.7
nachothekat,False,True,True,False,False,False,invalid_date;low_price_coverage<0.7
nibbles,True,False,False,False,False,False,too_few_rows<30
nikitabyvirtuals,False,True,True,False,False,False,invalid_date;low_price_coverage<0.7
nikolai,False,True,True,False,False,False,invalid_date;low_price_coverage<0.7
nitro2,True,False,False,False,False,False,too_few_rows<30
nonja,False,True,True,False,False,False,invalid_date;low_price_coverage<0.7
normie2,False,True,True,False,False,False,invalid_date;low_price_coverage<0.7
normilio,False,True,True,False,False,False,invalid_date;low_price_coverage<0.7
nothing3,False,True,True,False,False,False,invalid_date;low_price_coverage<0.7
okayeg,False,True,True,False,False,False,invalid_date;low_price_coverage<0.7
omega3,False,True,True,False,False,False,invalid_date;low_price_coverage<0.7
onyxarches,True,False,False,False,False,False,too_few_rows<30
otto,False,True,True,False,False,False,invalid_date;low_price_coverage<0.7
paponinja,False,True,True,False,False,False,invalid_date;low_price_coverage<0.7
paradox3,False,True,True,False,False,False,invalid_date;low_price_coverage<0.7
party4,False,True,True,False,False,False,invalid_date;low_price_coverage<0.7
patriotonbase,False,True,True,False,False,False,invalid_date;low_price_coverage<0.7
peezyeth,True,False,False,False,False,False,too_few_rows<30
pepe0x69onbase,False,True,True,False,False,False,invalid_date;low_price_coverage<0.7
pepebrc,True,True,True,False,False,False,too_few_rows<30;invalid_date;low_price_coverage<0.7
pepecoinnetwork,False,True,True,False,False,False,invalid_date;low_price_coverage<0.7
pepekrc20,False,True,True,False,False,False,invalid_date;low_price_coverage<0.7
pepo,True,False,False,False,False,False,too_few_rows<30
phnix,False,True,True,False,False,False,invalid_date;low_price_coverage<0.7
piggy2,False,True,True,False,False,False,invalid_date;low_price_coverage<0.7
pigu,False,True,True,False,False,False,invalid_date;low_price_coverage<0.7
pikatopiko,False,True,True,False,False,False,invalid_date;low_price_coverage<0.7
pineapplecat2,False,True,True,False,False,False,invalid_date;low_price_coverage<0.7
pip3,False,True,True,False,False,False,invalid_date;low_price_coverage<0.7
pizabrc,False,True,True,False,False,False,invalid_date;low_price_coverage<0.7
podflowaibyvirtuals,False,True,True,False,False,False,invalid_date;low_price_coverage<0.7
points2,False,True,True,False,False,False,invalid_date;low_price_coverage<0.7
poncho,False,True,True,False,False,False,invalid_date;low_price_coverage<0.7
pongo2,True,True,True,False,False,False,too_few_rows<30;invalid_date;low_price_coverage<0.7
poppy2,True,False,False,False,False,False,too_few_rows<30
poveldurev,False,True,True,False,False,False,invalid_date;low_price_coverage<0.7
pozocoin,False,True,True,False,False,False,invalid_date;low_price_coverage<0.7
pucca,True,False,False,False,False,False,too_few_rows<30
pumpcorn,False,True,True,False,False,False,invalid_date;low_price_coverage<0.7
pumpkin4,True,False,False,False,False,False,too_few_rows<30
puss,False,True,True,False,False,False,invalid_date;low_price_coverage<0.7
pythia,True,False,False,False,False,False,too_few_rows<30
queenpooie,True,True,True,False,False,False,too_few_rows<30;invalid_date;low_price_coverage<0.7
raincoin,True,False,False,False,False,False,too_few_rows<30
ratomilton,True,False,False,False,False,False,too_few_rows<30
realgoat,False,True,True,False,False,False,invalid_date;low_price_coverage<0.7
realniggertate,True,False,False,False,False,False,too_few_rows<30
redactedgdupi,False,True,True,False,False,False,invalid_date;low_price_coverage<0.7
regent,True,False,False,False,False,False,too_few_rows<30
resistancedog,False,True,True,False,False,False,invalid_date;low_price_coverage<0.7
rondaonsui,False,True,True,False,False,False,invalid_date;low_price_coverage<0.7
runepups,True,False,False,False,False,False,too_few_rows<30
runesxbitcoin,False,True,True,False,False,False,invalid_date;low_price_coverage<0.7
russell,False,True,True,False,False,False,invalid_date;low_price_coverage<0.7
s,True,False,False,False,False,False,too_few_rows<30
sacabam,False,True,True,False,False,False,invalid_date;low_price_coverage<0.7
salute,True,True,True,False,False,False,too_few_rows<30;invalid_date;low_price_coverage<0.7
sanchan,True,False,False,False,False,False,too_few_rows<30
satoshai,True,True,True,False,False,False,too_few_rows<30;invalid_date;low_price_coverage<0.7
satoshiaiagentbyvirtuals,False,True,True,False,False,False,invalid_date;low_price_coverage<0.7
sealdog,False,True,True,False,False,False,invalid_date;low_price_coverage<0.7
seamania,True,False,False,False,False,False,too_few_rows<30
seiyan,False,True,True,False,False,False,invalid_date;low_price_coverage<0.7
sentai2,True,False,False,False,False,False,too_few_rows<30
sentioprotocol,True,False,False,False,False,False,too_few_rows<30
shibainutreat,True,False,False,False,False,False,too_few_rows<30
shironeko2,True,False,False,False,False,False,too_few_rows<30
shishacoin,False,True,True,False,False,False,invalid_date;low_price_coverage<0.7
shitcats,False,True,True,False,False,False,invalid_date;low_price_coverage<0.7
shork,False,True,True,False,False,False,invalid_date;low_price_coverage<0.7
shytoshikusama,True,False,False,False,False,False,too_few_rows<30
sigma3,True,True,True,False,False,False,too_few_rows<30;invalid_date;low_price_coverage<0.7
skimaskcat,False,True,True,False,False,False,invalid_date;low_price_coverage<0.7
skimaskdog,False,True,True,False,False,False,invalid_date;low_price_coverage<0.7
skimaskpepe,False,True,True,False,False,False,invalid_date;low_price_coverage<0.7
skullofpepetoken,True,True,True,False,False,False,too_few_rows<30;invalid_date;low_price_coverage<0.7
snailbrook,False,True,True,False,False,False,invalid_date;low_price_coverage<0.7
sonicsnipebot,False,True,True,False,False,False,invalid_date;low_price_coverage<0.7
spacebucks,True,True,True,False,False,False,too_few_rows<30;invalid_date;low_price_coverage<0.7
spice2,False,True,True,False,False,False,invalid_date;low_price_coverage<0.7
sroomaidao,True,True,True,False,False,False,too_few_rows<30;invalid_date;low_price_coverage<0.7
starknetbrother,False,True,True,False,False,False,invalid_date;low_price_coverage<0.7
stinkcoin,True,False,False,False,False,False,too_few_rows<30
sugarboy,False,True,True,False,False,False,invalid_date;low_price_coverage<0.7
sugarbush,False,True,True,False,False,False,invalid_date;low_price_coverage<0.7
suibainu,False,True,True,False,False,False,invalid_date;low_price_coverage<0.7
suicuneonsui,False,True,True,False,False,False,invalid_date;low_price_coverage<0.7
suicytheseal,False,True,True,False,False,False,invalid_date;low_price_coverage<0.7
suidesciagents,True,False,False,False,False,False,too_few_rows<30
suijak,False,True,True,False,False,False,invalid_date;low_price_coverage<0.7
suiman,True,True,True,False,False,False,too_few_rows<30;invalid_date;low_price_coverage<0.7
suinami,False,True,True,False,False,False,invalid_date;low_price_coverage<0.7
sumi,False,True,True,False,False,False,invalid_date;low_price_coverage<0.7
suncat,False,True,True,False,False,False,invalid_date;low_price_coverage<0.7
sundog,True,True,True,False,False,False,too_few_rows<30;invalid_date;low_price_coverage<0.7
sunwukong,False,True,True,False,False,False,invalid_date;low_price_coverage<0.7
superanon,False,True,True,False,False,False,invalid_date;low_price_coverage<0.7
supersuiyan,False,True,True,False,False,False,invalid_date;low_price_coverage<0.7
sympsonai,True,True,True,False,False,False,too_few_rows<30;invalid_date;low_price_coverage<0.7
synthesizerdog,False,True,True,False,False,False,invalid_date;low_price_coverage<0.7
tadpole,False,True,True,False,False,False,invalid_date;low_price_coverage<0.7
tardi,False,True,True,False,False,False,invalid_date;low_price_coverage<0.7
tay,True,False,False,False,False,False,too_few_rows<30
teddybear,False,True,True,False,False,False,invalid_date;low_price_coverage<0.7
thedogeson,True,True,True,False,False,False,too_few_rows<30;invalid_date;low_price_coverage<0.7
theresistancecat,False,True,True,False,False,False,invalid_date;low_price_coverage<0.7
thisismyiguana,False,True,True,False,False,False,invalid_date;low_price_coverage<0.7
tinyfren,False,True,True,False,False,False,invalid_date;low_price_coverage<0.7
tism,False,True,True,False,False,False,invalid_date;low_price_coverage<0.7
tn100x,False,True,True,False,False,False,invalid_date;low_price_coverage<0.7
tobytoadgod,False,True,True,False,False,False,invalid_date;low_price_coverage<0.7
tokenbot2,True,True,True,False,False,False,too_few_rows<30;invalid_date;low_price_coverage<0.7
tokenmetricsai,False,True,True,False,False,False,invalid_date;low_price_coverage<0.7
toncat,False,True,True,False,False,False,invalid_date;low_price_coverage<0.7
tonfishmemecoin,False,True,True,False,False,False,invalid_date;low_price_coverage<0.7
toshi,False,True,True,False,False,False,invalid_date;low_price_coverage<0.7
tronbull,False,True,True,False,False,False,invalid_date;low_price_coverage<0.7
tronbullcoin,False,True,True,False,False,False,invalid_date;low_price_coverage<0.7
tronkey,True,True,True,False,False,False,too_few_rows<30;invalid_date;low_price_coverage<0.7
trustmebrosbyvirtuals,True,True,True,False,False,False,too_few_rows<30;invalid_date;low_price_coverage<0.7
twiskers,False,True,True,False,False,False,invalid_date;low_price_coverage<0.7
tyler,True,True,True,False,False,False,too_few_rows<30;invalid_date;low_price_coverage<0.7
uni,False,True,True,False,False,False,invalid_date;low_price_coverage<0.7
upsidedownmeme,False,True,True,False,False,False,invalid_date;low_price_coverage<0.7
usacoin,True,False,False,False,False,False,too_few_rows<30
vaderaibyvirtuals,False,True,True,False,False,False,invalid_date;low_price_coverage<0.7
velvetunicornbyvirtuals,False,True,True,False,False,False,invalid_date;low_price_coverage<0.7
vikita,True,True,True,False,False,False,too_few_rows<30;invalid_date;low_price_coverage<0.7
wagmigame2,True,False,False,False,False,False,too_few_rows<30
waicombinatorbyvirtuals,False,True,True,False,False,False,invalid_date;low_price_coverage<0.7
warriorcoin,True,False,False,False,False,False,too_few_rows<30
watcoin,False,True,True,False,False,False,invalid_date;low_price_coverage<0.7
weirdo2,False,True,True,False,False,False,invalid_date;low_price_coverage<0.7
welovet,True,False,False,False,False,False,too_few_rows<30
welshcorgicoin,True,True,True,False,False,False,too_few_rows<30;invalid_date;low_price_coverage<0.7
wen5,False,True,True,False,False,False,invalid_date;low_price_coverage<0.7
whale2,True,False,False,False,False,False,too_few_rows<30
wownero,False,True,True,False,False,False,invalid_date;low_price_coverage<0.7
wryon,False,True,True,False,False,False,invalid_date;low_price_coverage<0.7
xmoney,True,False,False,False,False,False,too_few_rows<30
yeeti,False,True,True,False,False,False,invalid_date;low_price_coverage<0.7
yieldmachine,True,True,True,False,False,False,too_few_rows<30;invalid_date;low_price_coverage<0.7
youngpeezyakapepe,False,True,True,False,False,False,invalid_date;low_price_coverage<0.7
yuko,False,True,True,False,False,False,invalid_date;low_price_coverage<0.7
zaichxbt,True,False,False,False,False,False,too_few_rows<30
zapo,False,True,True,False,False,False,invalid_date;low_price_coverage<0.7
zeekcoin,False,True,True,False,False,False,invalid_date;low_price_coverage<0.7
zenai,True,False,False,False,False,False,too_few_rows<30
zooworld,True,False,False,False,False,False,too_few_rows<30
1guy,False,False,False,False,False,True,
1squirrel,False,False,False,False,False,True,
360noscope420blazeit,False,False,False,False,False,True,
5,False,False,False,False,False,True,
6,False,False,False,False,False,True,
888token,False,False,False,False,False,True,
abi,False,False,False,False,False,True,
achi,False,False,False,False,False,True,
acidtoad,False,False,False,False,False,True,
adillo,False,False,False,False,False,True,
agentaigo,False,False,False,False,False,True,
agenttank,False,False,False,False,False,True,
ai16z,False,False,False,False,False,True,
ai16zeliza,False,False,False,False,False,True,
aicrystalnode,False,False,False,False,False,True,
aiinu,False,False,False,False,False,True,
aimerica,False,False,False,False,False,True,
aimonicabrands,False,False,False,False,False,True,
aishellnova,False,False,False,False,False,True,
aitraderagent,False,False,False,False,False,True,
aiwarpertoken,False,False,False,False,False,True,
aiwithdaddyissues,False,False,False,False,False,True,
akiprotocol,False,False,False,False,False,True,
akitabsc,False,False,False,False,False,True,
alaska,False,False,False,False,False,True,
alchemistai,False,False,False,False,False,True,
alp,False,False,False,False,False,True,
alpaca2,False,False,False,False,False,True,
alpha3,False,False,False,False,False,True,
amaterasuomikami,False,False,False,False,False,True,
americancoin,False,False,False,False,False,True,
americapac,False,False,False,False,False,True,
analos,False,False,False,False,False,True,
andy70b,False,False,False,False,False,True,
andyman,False,False,False,False,False,True,
anitamaxwynn,False,False,False,False,False,True,
antitoken,False,False,False,False,False,True,
anyinu,False,False,False,False,False,True,
aped,False,False,False,False,False,True,
aquarius2,False,False,False,False,False,True,
aquathecoin,False,False,False,False,False,True,
arbdogeai,False,False,False,False,True,False,dropped_in_preprocess:no_valid_rows_after_filters
arbidoge,False,False,False,False,False,True,
aries,False,False,False,False,False,True,
ariethesealion,False,False,False,False,False,True,
astheria,False,False,False,False,False,True,
astropepex,False,False,False,False,False,True,
auraonsol,False,False,False,False,False,True,
auroraterminal,False,False,False,False,False,True,
autism2,False,False,False,False,False,True,
autonomousvirtualbeings,False,False,False,False,False,True,
avaai,False,False,False,False,False,True,
avachiangmainightsafariava,False,False,False,False,False,True,
avaxhasnochill,False,False,False,False,False,True,
avocato,False,False,False,False,False,True,
axi,False,False,False,False,False,True,
babybitcoin2,False,False,False,False,False,True,
babybnb,False,False,False,False,False,True,
babybonk,False,False,False,False,True,False,dropped_in_preprocess:no_valid_rows_after_filters
babydragonx,False,False,False,False,False,True,
babygrok,False,False,False,False,True,False,dropped_in_preprocess:no_valid_rows_after_filters
babyneiro2,False,False,False,False,True,False,dropped_in_preprocess:no_valid_rows_after_filters
babyneirotoken,False,False,False,False,False,True,
babypepe3,False,False,False,False,False,True,
babypnut2,False,False,False,False,True,False,dropped_in_preprocess:no_valid_rows_after_filters
babyshironeko,False,False,False,False,False,True,
babywen,False,False,False,False,False,True,
badcatsol,False,False,False,False,False,True,
badideaai,False,False,False,False,False,True,
ballsoffate,False,False,False,False,False,True,
bananacat,False,False,False,False,False,True,
bananaforscale,False,False,False,False,False,True,
bananaforscale2,False,False,False,False,False,True,
bananatapewall,False,False,False,False,False,True,
barbiecrashbandicootrfk88,False,False,False,False,True,False,dropped_in_preprocess:no_valid_rows_after_filters
based,False,False,False,False,False,True,
basktfun,False,False,False,False,False,True,
beercoin2,False,False,False,False,False,True,
believeinsomething,False,False,False,False,False,True,
believeinsomething2,False,False,False,False,False,True,
belikeblob,False,False,False,False,False,True,
benthedog,False,False,False,False,False,True,
bertramthepomeranian,False,False,False,False,False,True,
beth,False,False,False,False,False,True,
betmore,False,False,False,False,False,True,
biaoonsol,False,False,False,False,False,True,
biaoqing,False,False,False,False,False,True,
big,False,False,False,False,False,True,
bigcheungus,False,False,False,False,False,True,
bigdogfink,False,False,False,False,False,True,
bigjim,False,False,False,False,False,True,
bigpharmai,False,False,False,False,False,True,
billiondollarcatrunes,False,False,False,False,False,True,
billy,False,False,False,False,False,True,
bingusthecat,False,False,False,False,False,True,
birddog,False,False,False,False,False,True,
bitbonk,False,False,False,False,False,True,
bitcat2,False,False,False,False,False,True,
bitcat3,False,False,False,False,False,True,
bitcoinact,False,False,False,False,False,True,
blackagnus,False,False,False,False,False,True,
blackunicorncorp,False,False,False,False,False,True,
blinkdotfun,False,False,False,False,False,True,
blinksgg,False,False,False,False,False,True,
blk2100,False,False,False,False,False,True,
blobanapet,False,False,False,False,False,True,
bloomspergterminal,False,False,False,False,False,True,
bobacat,False,False,False,False,False,True,
bobaoppa,False,False,False,False,False,True,
boblles,False,False,False,False,False,True,
bobocoin,False,False,False,False,False,True,
bobthesnek,False,False,False,False,False,True,
bobtoken,False,False,False,False,False,True,
bog,False,False,False,False,False,True,
bogus,False,False,False,False,False,True,
bongocat,False,False,False,False,False,True,
bonsaitoken,False,False,False,False,False,True,
booji,False,False,False,False,False,True,
boop2,False,False,False,False,False,True,
boop3,False,False,False,False,False,True,
bopcat,False,False,False,False,False,True,
bozohybrid,False,False,False,False,False,True,
brainlet2,False,False,False,False,False,True,
brainrot,False,False,False,False,False,True,
brettmemecoin,False,False,False,False,False,True,
brot,False,False,False,False,False,True,
brothecat,False,False,False,False,False,True,
bueno,False,False,False,False,False,True,
buildonbnb,False,False,False,False,False,True,
burnedfi,False,False,False,False,False,True,
buttholecoin,False,False,False,False,False,True,
buu,False,False,False,False,False,True,
byte,False,False,False,False,False,True,
cancer,False,False,False,False,False,True,
capricorn2,False,False,False,False,False,True,
carloacutis,False,False,False,False,False,True,
cas9,False,False,False,False,False,True,
catalorian,False,False,False,False,False,True,
catana,False,False,False,False,False,True,
catcoincash,False,False,False,False,True,False,dropped_in_preprocess:no_valid_rows_after_filters
catdog,False,False,False,False,False,True,
catecoin,False,False,False,False,False,True,
catex,False,False,False,False,False,True,
catgirl,False,False,False,False,False,True,
catownkimono,False,False,False,False,False,True,
catslap,False,False,False,False,False,True,
catwifbag,False,False,False,False,False,True,
catwifhat2,False,False,False,False,False,True,
cctv,False,False,False,False,False,True,
centience,False,False,False,False,False,True,
chadcat,False,False,False,False,False,True,
chadcoin,False,False,False,False,False,True,
chaosanddisorder,False,False,False,False,False,True,
chartreuxcat,False,False,False,False,False,True,
chatgptsmascot,False,False,False,False,False,True,
cheems,False,False,False,False,False,True,
cheese2,False,False,False,False,False,True,
cheese3,False,False,False,False,False,True,
cheeseball,False,False,False,False,False,True,
cheshiregrin,False,False,False,False,False,True,
cheyenne,False,False,False,False,False,True,
chibawan,False,False,False,False,False,True,
chillgirl,False,False,False,False,False,True,
choccymilkcat,False,False,False,False,False,True,
chonky,False,False,False,False,False,True,
chudjak,False,False,False,False,False,True,
clapcat,False,False,False,False,False,True,
claude,False,False,False,False,False,True,
coal2,False,False,False,False,False,True,
coby,False,False,False,False,False,True,
cococoin,False,False,False,False,False,True,
codergf,False,False,False,False,False,True,
codetoken,False,False,False,False,False,True,
comedian,False,False,False,False,False,True,
convo,False,False,False,False,False,True,
corgiinu2,False,False,False,False,False,True,
corn2,False,False,False,False,False,True,
costcohotdog,False,False,False,False,False,True,
crab,False,False,False,False,False,True,
crashout,False,False,False,False,False,True,
craze,False,False,False,False,False,True,
crowwithknife,False,False,False,False,False,True,
cryptoboomcoinofficial,False,False,False,False,False,True,
cryptoczar,False,False,False,False,False,True,
csi888,False,False,False,False,False,True,
cultofpepe,False,False,False,False,False,True,
cumrocket,False,False,False,False,False,True,
cupsey,False,False,False,False,False,True,
cyberdoge3,False,False,False,False,False,True,
daddychill,False,False,False,False,False,True,
daddytate,False,False,False,False,False,True,
dancingtriangle2,False,False,False,False,False,True,
darkmaga,False,False,False,False,False,True,
darksun,False,False,False,False,False,True,
dasha,False,False,False,False,False,True,
deepworm,False,False,False,False,False,True,
defrogs,False,False,False,False,False,True,
degenspartanai,False,False,False,False,False,True,
dejitarutsuka,False,False,False,False,False,True,
departmentofgovefficiency,False,False,False,False,False,True,
departmentofgovernmentefficiency3,False,False,False,False,False,True,
derdaku,False,False,False,False,False,True,
devinonsolana,False,False,False,False,False,True,
dingocoin,False,False,False,False,False,True,
dinolfg,False,False,False,False,False,True,
divinelyprotected,False,False,False,False,False,True,
dna,False,False,False,False,True,False,dropped_in_preprocess:no_valid_rows_after_filters
dogaiwtf,False,False,False,False,False,True,
dogami,False,False,False,False,False,True,
dogc,False,False,False,False,False,True,
doge,False,False,False,False,False,True,
dogebonk,False,False,False,False,False,True,
dogecast,False,False,False,False,False,True,
dogecast2,False,False,False,False,False,True,
dogefather2,False,False,False,False,False,True,
dogefather3,False,False,False,False,False,True,
dogegf,False,False,False,False,True,False,dropped_in_preprocess:no_valid_rows_after_filters
dogejonesindustrialaverage,False,False,False,False,False,True,
dogemascotshibu,False,False,False,False,False,True,
dogemojionsolana,False,False,False,False,False,True,
dogeonsolana,False,False,False,False,False,True,
dogfoodtoken,False,False,False,False,False,True,
doggo3,False,False,False,False,False,True,
doggoinu,False,False,False,False,False,True,
doginhood,False,False,False,False,False,True,
doginthpool,False,False,False,False,False,True,
doglibre,False,False,False,False,False,True,
dogwifnuchucks,False,False,False,False,False,True,
dogwithappleinmouth,False,False,False,False,False,True,
dolanduck,False,False,False,False,False,True,
dollarmoon2,False,False,False,False,False,True,
dolosthebully,False,False,False,False,False,True,
donaldtremp,False,False,False,False,False,True,
dontbuyinu,False,False,False,False,False,True,
dontdie,False,False,False,False,False,True,
doom,False,False,False,False,True,False,dropped_in_preprocess:no_valid_rows_after_filters
dorklord2,False,False,False,False,False,True,
dotcom,False,False,False,False,False,True,
draggycto,False,False,False,False,False,True,
drip,False,False,False,False,False,True,
drpepeai,False,False,False,False,False,True,
duckai,False,False,False,False,False,True,
duckthedoug,False,False,False,False,False,True,
ducky,False,False,False,False,False,True,
duko,False,False,False,False,False,True,
eagleoftruth,False,False,False,False,False,True,
earl,False,False,False,False,False,True,
effectiveaccelerationism,False,False,False,False,False,True,
eggdog,False,False,False,False,False,True,
elgato,False,False,False,False,False,True,
eliza,False,False,False,False,False,True,
elon,False,False,False,False,False,True,
eloniatrump,False,False,False,False,False,True,
elonrwa,False,False,False,False,False,True,
elonspetsnail,False,False,False,False,False,True,
elsapopepe,False,False,False,False,False,True,
endfederalreserve,False,False,False,False,False,True,
enkrypto,False,False,False,False,False,True,
estee,False,False,False,False,False,True,
ethbull,False,False,False,False,False,True,
ethereumisgood,False,False,False,False,False,True,
evan2,False,False,False,False,False,True,
expert_money,False,False,False,False,False,True,
eyeearn,False,False,False,False,False,True,
fairfun,False,False,False,False,False,True,
faml,False,False,False,False,False,True,
fatgf,False,False,False,False,False,True,
feces,False,False,False,False,False,True,
fefeoneth,False,False,False,False,False,True,
fegtoken2,False,False,False,False,False,True,
feistydogenft,False,False,False,False,False,True,
fighttomaga,False,False,False,False,False,True,
fijiexe,False,False,False,False,False,True,
fine2,False,False,False,False,False,True,
firstconvictedraccon,False,False,False,False,False,True,
firstreply,False,False,False,False,False,True,
fishkoin,False,False,False,False,False,True,
fisttrumppump,False,False,False,False,False,True,
flatearthcoin,False,False,False,False,False,True,
flaviaisonline,False,False,False,False,False,True,
fleabone,False,False,False,False,False,True,
floofnoodles,False,False,False,False,False,True,
floos,False,False,False,False,False,True,
floppacat,False,False,False,False,False,True,
florkcto,False,False,False,False,False,True,
flowerai,False,False,False,False,False,True,
fofar,False,False,False,False,False,True,
fomo3d,False,False,False,False,False,True,
fomoradioai,False,False,False,False,False,True,
forest,False,False,False,False,False,True,
forky2,False,False,False,False,False,True,
freeshaynecoplan,False,False,False,False,False,True,
freespeech2,False,False,False,False,False,True,
frensofelon,False,False,False,False,False,True,
fric,False,False,False,False,False,True,
frodothevirtualsamurai,False,False,False,False,False,True,
frog3,False,False,False,False,False,True,
frogevip,False,False,False,False,False,True,
frox,False,False,False,False,False,True,
fu,False,False,False,False,False,True,
fug,False,False,False,False,False,True,
fug2,False,False,False,False,False,True,
fuku2,False,False,False,False,False,True,
furnancialadvisor,False,False,False,False,False,True,
fxn,False,False,False,False,False,True,
gamestop,False,False,False,False,False,True,
gameswift,False,False,False,False,False,True,
gdog,False,False,False,False,False,True,
gegagedigedagedago,False,False,False,False,False,True,
gemini2,False,False,False,False,False,True,
gemxbt,False,False,False,False,False,True,
generationalwealth3,False,False,False,False,False,True,
genzquant,False,False,False,False,False,True,
gikocat,False,False,False,False,False,True,
ginnan,False,False,False,False,False,True,
ginnanthecat,False,False,False,False,False,True,
glorp,False,False,False,False,False,True,
glp1,False,False,False,False,False,True,
gluteusmaximusbyvirtuals,False,False,False,False,False,True,
gme,False,False,False,False,False,True,
gmika,False,False,False,False,False,True,
goatseusactii,False,False,False,False,False,True,
gobi,False,False,False,False,False,True,
gondola,False,False,False,False,False,True,
gooby,False,False,False,False,False,True,
goodboy,False,False,False,False,False,True,
goodmorning3,False,False,False,False,False,True,
goofy2,False,False,False,False,False,True,
gottitoken,False,False,False,False,False,True,
gou,False,False,False,False,False,True,
gout,False,False,False,False,False,True,
gpuairich,False,False,False,False,False,True,
griffainnewhedgefund,False,False,False,False,False,True,
groggobymattfurie,False,False,False,False,False,True,
grok2,False,False,False,False,False,True,
groyper,False,False,False,False,False,True,
grumpycatcoin,False,False,False,False,False,True,
gua,False,False,False,False,False,True,
guacamole,False,False,False,False,False,True,
gummy,False,False,False,False,False,True,
h2w6gm6jz,False,False,False,False,False,True,
habibisol,False,False,False,False,False,True,
hahayes,False,False,False,False,False,True,
halforangedrinkinglemonade,False,False,False,False,False,True,
hami,False,False,False,False,False,True,
hana,False,False,False,False,False,True,
hanbao,False,False,False,False,False,True,
happycat2,False,False,False,False,False,True,
harambe2,False,False,False,False,False,True,
harold,False,False,False,False,False,True,
haroldonsol,False,False,False,False,False,True,
harrypottertrumphomersimpson777inu,False,False,False,False,False,True,
hasbullascat,False,False,False,False,False,True,
hawk2,False,False,False,False,False,True,
heeeheee,False,False,False,False,False,True,
hege,False,False,False,False,False,True,
hehecat,False,False,False,False,False,True,
hemule,False,False,False,False,False,True,
henlo,False,False,False,False,False,True,
hermythestallion,False,False,False,False,False,True,
highaf,False,False,False,False,False,True,
hisnamegort,False,False,False,False,False,True,
historyofpepe,False,False,False,False,False,True,
hogefinance,False,False,False,False,False,True,
honk,False,False,False,False,False,True,
hoppymeme,False,False,False,False,False,True,
horny,False,False,False,False,False,True,
hotdoge2,False,False,False,False,False,True,
huahua,False,False,False,False,False,True,
hund,False,False,False,False,False,True,
huskyavax,False,False,False,False,False,True,
iiiilovvvyouuuu,False,False,False,False,False,True,
ilence,False,False,False,False,False,True,
illuminaticoin,False,False,False,False,False,True,
ilovepuppies,False,False,False,False,False,True,
imnotwrongimearly,False,False,False,False,False,True,
inferno2,False,False,False,False,False,True,
infinitebackrooms,False,False,False,False,False,True,
intern,False,False,False,False,False,True,
internationalmemefund,False,False,False,False,False,True,
internosaur,False,False,False,False,False,True,
inusol,False,False,False,False,False,True,
iq50,False,False,False,False,False,True,
iq6900,False,False,False,False,False,True,
ito,False,False,False,False,False,True,
jailbreakme,False,False,False,False,False,True,
jak,False,False,False,False,False,True,
jamcat,False,False,False,False,False,True,
janrotherat,False,False,False,False,False,True,
jenhsunhuang,False,False,False,False,False,True,
jeoboden,False,False,False,False,False,True,
jesuscoin,False,False,False,False,False,True,
jewelsdagoat,False,False,False,False,False,True,
jiffpom,False,False,False,False,False,True,
jinx,False,False,False,False,False,True,
joecoin,False,False,False,False,False,True,
johnmcaifee,False,False,False,False,False,True,
johnthecoin,False,False,False,False,False,True,
joi,False,False,False,False,False,True,
jorkin,False,False,False,False,False,True,
justachillguy,False,False,False,False,False,True,
justbuy1worthofthiscoin,False,False,False,False,False,True,
justiceforpeanut,False,False,False,False,False,True,
justiceforpnutandfred,False,False,False,False,False,True,
k9financedao,False,False,False,False,False,True,
k9killedinshootout,False,False,False,False,False,True,
kaiken,False,False,False,False,False,True,
kandoai,False,False,False,False,False,True,
kappy,False,False,False,False,False,True,
katanainu,False,False,False,False,False,True,
keanu,False,False,False,False,False,True,
keepgambling,False,False,False,False,False,True,
keketerminal,False,False,False,False,False,True,
kekistan,False,False,False,False,False,True,
kekiusmaximus,False,False,False,False,False,True,
kenduinu,False,False,False,False,False,True,
keyboardcat,False,False,False,False,False,True,
khaokheowzoo,False,False,False,False,False,True,
kibainu,False,False,False,False,False,True,
kiboshib,False,False,False,False,False,True,
kiki2,False,False,False,False,False,True,
kimbo,False,False,False,False,False,True,
kira3,False,False,False,False,False,True,
kirakuru,False,False,False,False,False,True,
kishuinu,False,False,False,False,True,False,dropped_in_preprocess:no_valid_rows_after_filters
kittekoin,False,False,False,False,False,True,
kittenhaimer,False,False,False,False,False,True,
kizuna,False,False,False,False,False,True,
klaus,False,False,False,False,False,True,
knotdiffiehellman,False,False,False,False,False,True,
knutfromzoo,False,False,False,False,False,True,
koalaai,False,False,False,False,False,True,
kolin2,False,False,False,False,False,True,
komainu,False,False,False,False,False,True,
kotaro,False,False,False,False,False,True,
koto2,False,False,False,False,False,True,
kpopkpopfun,False,False,False,False,False,True,
kwantxbt,False,False,False,False,False,True,
kween,False,False,False,False,False,True,
kyra,False,False,False,False,False,True,
lambosforvirgins,False,False,False,False,False,True,
landwolf2,False,False,False,False,False,True,
larpdetectiveagency,False,False,False,False,False,True,
leaai,False,False,False,False,False,True,
leash,False,False,False,False,False,True,
ledogdog,False,False,False,False,False,True,
legend,False,False,False,False,False,True,
leo2,False,False,False,False,False,True,
leper,False,False,False,False,False,True,
lethimcook,False,False,False,False,False,True,
letsfarty,False,False,False,False,False,True,
letsgetthisbread,False,False,False,False,False,True,
letthatsinkin,False,False,False,False,False,True,
libra4,False,False,False,False,False,True,
lifedog,False,False,False,False,False,True,
lilyscoin,False,False,False,False,False,True,
limbo,False,False,False,False,False,True,
lingyan,False,False,False,False,False,True,
linkonsol,False,False,False,False,False,True,
lioncat,False,False,False,False,False,True,
litecoinmascot,False,False,False,False,False,True,
literallyme,False,False,False,False,False,True,
littlemanyu,False,False,False,False,False,True,
lmeow2,False,False,False,False,False,True,
loafcat,False,False,False,False,False,True,
lockin,False,False,False,False,False,True,
logosai,False,False,False,False,False,True,
lol3,False,False,False,False,False,True,
lola3,False,False,False,False,False,True,
lolcat2,False,False,False,False,False,True,
loner,False,False,False,False,False,True,
long4,False,False,False,False,False,True,
loobybystephenbliss,False,False,False,False,False,True,
lookbro,False,False,False,False,False,True,
loulou,False,False,False,False,False,True,
lovelyinufinance,False,False,False,False,False,True,
lowqualitycat,False,False,False,False,False,True,
lucedog,False,False,False,False,False,True,
luci,False,False,False,False,False,True,
luckydog,False,False,False,False,False,True,
luffyinu,False,False,False,False,False,True,
lumi3,False,False,False,False,False,True,
lunabyvirtuals,False,False,False,False,False,True,
m3m3,False,False,False,False,False,True,
mad2,False,False,False,False,False,True,
madonnadelgatto,False,False,False,False,False,True,
magaagain,False,False,False,False,False,True,
magafightfortrump,False,False,False,False,False,True,
magahat,False,False,False,False,False,True,
magaverse,False,False,False,False,False,True,
magnet2,False,False,False,False,False,True,
maincharacter,False,False,False,False,False,True,
maincharacterenergy,False,False,False,False,False,True,
majorfrog,False,False,False,False,False,True,
make,False,False,False,False,False,True,
makeamericahealthyagain,False,False,False,False,False,True,
malakai,False,False,False,False,False,True,
maneki,False,False,False,False,False,True,
manifestonsol,False,False,False,False,False,True,
mao3,False,False,False,False,False,True,
marketdominance,False,False,False,False,False,True,
markkacy,False,False,False,False,False,True,
mars2,False,False,False,False,False,True,
marvininu2,False,False,False,False,False,True,
matt0x79,False,False,False,False,False,True,
max2,False,False,False,False,False,True,
maxoneth,False,False,False,False,False,True,
maya,False,False,False,False,False,True,
mcdull,False,False,False,False,False,True,
medusa2,False,False,False,False,False,True,
mellowman,False,False,False,False,False,True,
melo,False,False,False,False,False,True,
melondog,False,False,False,False,False,True,
memeanarchicnumismaticasset,False,False,False,False,False,True,
memecoingirl,False,False,False,False,False,True,
memecoinmillionaire,False,False,False,False,False,True,
memesai,False,False,False,False,False,True,
men,False,False,False,False,False,True,
meow,False,False,False,False,False,True,
meowmeowmeowmeow,False,False,False,False,False,True,
metamonopoly,False,False,False,False,False,True,
metformin,False,False,False,False,False,True,
michicoin,False,False,False,False,False,True,
miladywifhat,False,False,False,False,False,True,
milkbag,False,False,False,False,False,True,
mimany,False,False,False,False,False,True,
mindzero,False,False,False,False,False,True,
minetardai,False,False,False,False,False,True,
minidoge3,False,False,False,False,False,True,
minimini,False,False,False,False,False,True,
mist2,False,False,False,False,False,True,
mizuki,False,False,False,False,False,True,
moai,False,False,False,False,False,True,
moe4,False,False,False,False,False,True,
moew,False,False,False,False,False,True,
monaarcane,False,False,False,False,False,True,
mongcoin,False,False,False,False,False,True,
monkeyhaircut,False,False,False,False,False,True,
monkeypox,False,False,False,False,False,True,
monkeysolinu,False,False,False,False,False,True,
moodeng2,False,False,False,False,False,True,
moonbag,False,False,False,False,False,True,
moonscape2,False,False,False,False,False,True,
morris,False,False,False,False,False,True,
morud,False,False,False,False,False,True,
moss,False,False,False,False,False,True,
moth2,False,False,False,False,False,True,
motheriggy,False,False,False,False,False,True,
mrmayonnaisethecat,False,False,False,False,False,True,
mstr2100,False,False,False,False,False,True,
mumuthebull3,False,False,False,False,False,True,
muskit,False,False,False,False,False,True,
musmecoin,False,False,False,False,False,True,
mut,False,False,False,False,False,True,
myro,False,False,False,False,False,True,
mystery2,False,False,False,False,False,True,
nailong,False,False,False,False,False,True,
naitzsche,False,False,False,False,False,True,
nakedjim,False,False,False,False,False,True,
nasdaq420,False,False,False,False,False,True,
navalai,False,False,False,False,False,True,
ndx6900,False,False,False,False,False,True,
neirei,False,False,False,False,False,True,
neiro,False,False,False,False,False,True,
neiro2,False,False,False,False,False,True,
neirooneth,False,False,False,False,False,True,
neroboss,False,False,False,False,False,True,
neversol,False,False,False,False,False,True,
newbabyelephanthoustonzoo,False,False,False,False,False,True,
newbornhaggispygmyhippo,False,False,False,False,False,True,
nightfury,False,False,False,False,False,True,
ninjasquad,False,False,False,False,False,True,
no1tiktokcat,False,False,False,False,False,True,
nomansland,False,False,False,False,False,True,
nomnom,False,False,False,False,False,True,
noods,False,False,False,False,False,True,
noooomeme,False,False,False,False,False,True,
nothing4,False,False,False,False,False,True,
novaonmars,False,False,False,False,False,True,
npconsolana,False,False,False,False,False,True,
nullmatrix,False,False,False,False,False,True,
number,False,False,False,False,False,True,
numogram,False,False,False,False,False,True,
nutcoinmeme,False,False,False,False,False,True,
nya,False,False,False,False,False,True,
nyanmemecoin,False,False,False,False,False,True,
obipnutkenobi,False,False,False,False,False,True,
obot,False,False,False,False,False,True,
offcialmascotoftheholyyear,False,False,False,False,False,True,
ogroaringkitty,False,False,False,False,False,True,
ogsminem,False,False,False,False,False,True,
okane,False,False,False,False,False,True,
omega2,False,False,False,False,False,True,
omnicat,False,False,False,False,False,True,
oneunchillgal,False,False,False,False,False,True,
optimusai,False,False,False,False,False,True,
opus2,False,False,False,False,False,True,
opxlive,False,False,False,False,False,True,
orbit3,False,False,False,False,False,True,
orc,False,False,False,False,False,True,
oscar,False,False,False,False,False,True,
pajamascat,False,False,False,False,False,True,
patriot,False,False,False,False,False,True,
peanie,False,False,False,False,False,True,
peanut2,False,False,False,False,False,True,
peanut3,False,False,False,False,False,True,
peepoeth,False,False,False,False,False,True,
peipeicoinvip,False,False,False,False,False,True,
peng,False,False,False,False,False,True,
pepe20,False,False,False,False,False,True,
pepeai2,False,False,False,False,False,True,
pepefork,False,False,False,False,False,True,
pepeinamemesworld,False,False,False,False,False,True,
pepesol,False,False,False,False,False,True,
pepethekingprawn,False,False,False,False,False,True,
pepetrump,False,False,False,False,False,True,
pepoclown,False,False,False,False,False,True,
pestothebabykingpenguin,False,False,False,False,False,True,
petunia,False,False,False,False,False,True,
phil,False,False,False,False,False,True,
pigeontech,False,False,False,False,False,True,
pikaboss,False,False,False,False,False,True,
pillzumi,False,False,False,False,False,True,
pingdog,False,False,False,False,False,True,
pino,False,False,False,False,False,True,
pippin,False,False,False,False,False,True,
pisces,False,False,False,False,False,True,
planktoninpain,False,False,False,False,False,True,
pledge2,False,False,False,False,False,True,
pnutsforsquirrel,False,False,False,False,False,True,
pnutssister,False,False,False,False,False,True,
pochita,False,False,False,False,False,True,
polydoge,False,False,False,False,False,True,
ponk2,False,False,False,False,False,True,
poochi,False,False,False,False,False,True,
popdog,False,False,False,False,False,True,
popo2,False,False,False,False,False,True,
popothefrog,False,False,False,False,False,True,
poppy,False,False,False,False,False,True,
poupe,False,False,False,False,False,True,
powsche,False,False,False,False,False,True,
praist,False,False,False,False,False,True,
presidentexe,False,False,False,False,False,True,
principalsnetwork,False,False,False,False,False,True,
project89,False,False,False,False,False,True,
projectaeon,False,False,False,False,False,True,
prophetofethereum,False,False,False,False,False,True,
puffy,False,False,False,False,False,True,
pump2,False,False,False,False,False,True,
pundu,False,False,False,False,False,True,
pupsordinals,False,False,False,False,False,True,
purplepepe,False,False,False,False,False,True,
qstar,False,False,False,False,False,True,
quantifyai,False,False,False,False,False,True,
quasar3,False,False,False,False,False,True,
ratescape,False,False,False,False,False,True,
rawr,False,False,False,False,False,True,
real2,False,False,False,False,False,True,
realisworlds,False,False,False,False,False,True,
realsmurfcat,False,False,False,False,False,True,
realworldai,False,False,False,False,False,True,
redgenesis,False,False,False,False,False,True,
redsiberianhusky,False,False,False,False,False,True,
reflectionsofdissonanceai,False,False,False,False,False,True,
rekt4,False,False,False,False,False,True,
retardio,False,False,False,False,False,True,
rex3,False,False,False,False,False,True,
ribbit2,False,False,False,False,False,True,
richquack,False,False,False,False,True,False,dropped_in_preprocess:no_valid_rows_after_filters
rifampicin,False,False,False,False,False,True,
riko,False,False,False,False,False,True,
rizo,False,False,False,False,False,True,
rizzmas,False,False,False,False,False,True,
rnttoken,False,False,False,False,False,True,
roastmaster9000,False,False,False,False,False,True,
rock3,False,False,False,False,False,True,
rockytherock,False,False,False,False,False,True,
roflcopter,False,False,False,False,False,True,
ronnie,False,False,False,False,False,True,
ropirito,False,False,False,False,False,True,
rsnoofi,False,False,False,False,False,True,
runneroneth,False,False,False,False,False,True,
ruritruthterminalscrush,False,False,False,False,False,True,
ryujin,False,False,False,False,False,True,
saadboi,False,False,False,False,False,True,
sadant,False,False,False,False,False,True,
sadhamster,False,False,False,False,False,True,
safukekgigafundz888,False,False,False,False,False,True,
sageuniverse,False,False,False,False,False,True,
sagittarius,False,False,False,False,False,True,
salvatormundi,False,False,False,False,False,True,
samoyedcoin,False,False,False,False,False,True,
santa2,False,False,False,False,False,True,
santahat,False,False,False,False,False,True,
sbrsol,False,False,False,False,False,True,
schizoterminal,False,False,False,False,False,True,
scihub,False,False,False,False,False,True,
scorpio,False,False,False,False,False,True,
scratch3,False,False,False,False,False,True,
screaminghyrax,False,False,False,False,False,True,
sealsreadytocrackpengusice,False,False,False,False,False,True,
selfiedogcoin,False,False,False,False,False,True,
send2,False,False,False,False,False,True,
sendor,False,False,False,False,False,True,
sensus,False,False,False,False,False,True,
sentientai,False,False,False,False,False,True,
sharbi,False,False,False,False,False,True,
sharkcat,False,False,False,False,False,True,
sharki,False,False,False,False,False,True,
sherises,False,False,False,False,False,True,
shibaclassic2,False,False,False,False,False,True,
shibadoge,False,False,False,False,True,False,dropped_in_preprocess:no_valid_rows_after_filters
shibapredator,False,False,False,False,False,True,
shibashootout,False,False,False,False,False,True,
shibawing,False,False,False,False,False,True,
shibwifhatcoin,False,False,False,False,False,True,
shifu,False,False,False,False,False,True,
shinainu,False,False,False,False,False,True,
shitcoin3,False,False,False,False,False,True,
shoggoth,False,False,False,False,False,True,
shrub,False,False,False,False,False,True,
shrub2,False,False,False,False,False,True,
sigma,False,False,False,False,False,True,
sillydragon,False,False,False,False,False,True,
sillynubcat,False,False,False,False,False,True,
simmitoken,False,False,False,False,False,True,
simsai,False,False,False,False,False,True,
singularry,False,False,False,False,False,True,
size,False,False,False,False,False,True,
skainet,False,False,False,False,False,True,
skibiditoilet2,False,False,False,False,False,True,
slop,False,False,False,False,False,True,
slopfather,False,False,False,False,False,True,
slothana,False,False,False,False,False,True,
smilingdolphin,False,False,False,False,False,True,
smokingchickenfish,False,False,False,False,False,True,
snakewifhat,False,False,False,False,False,True,
snapkero,False,False,False,False,False,True,
sofacat,False,False,False,False,False,True,
solama,False,False,False,False,False,True,
solarisai,False,False,False,False,False,True,
solcat,False,False,False,False,False,True,
solchat,False,False,False,False,False,True,
solnic,False,False,False,False,False,True,
speedy2,False,False,False,False,False,True,
spikeoneth,False,False,False,False,False,True,
spinningcat,False,False,False,False,False,True,
splashdog,False,False,False,False,False,True,
spunkysdx,False,False,False,False,False,True,
spx690020,False,False,False,False,False,True,
sqrfund,False,False,False,False,False,True,
squidgrow2,False,False,False,False,False,True,
stardoge,False,False,False,False,False,True,
starecat,False,False,False,False,False,True,
staringrobot,False,False,False,False,False,True,
stars2,False,False,False,False,False,True,
stashinu,False,False,False,False,False,True,
stick,False,False,False,False,False,True,
stonks4,False,False,False,False,False,True,
strategicbitcoinreserve,False,False,False,False,False,True,
strategichubforinnovationinblockchain,False,False,False,False,False,True,
styrosteve,False,False,False,False,False,True,
successkid,False,False,False,False,False,True,
supercyclereal,False,False,False,False,False,True,
supertrump,False,False,False,False,False,True,
suwi,False,False,False,False,False,True,
swaggy,False,False,False,False,False,True,
swarm2,False,False,False,False,False,True,
swarmnodeai,False,False,False,False,False,True,
tabman,False,False,False,False,False,True,
taoinu,False,False,False,False,False,True,
tateterminal,False,False,False,False,False,True,
taurus2,False,False,False,False,False,True,
tehepikduck,False,False,False,False,False,True,
tema,False,False,False,False,False,True,
tensorium,False,False,False,False,False,True,
terminus2,False,False,False,False,False,True,
terminus3,False,False,False,False,False,True,
terryinthetrenches,False,False,False,False,False,True,
tetsuocoin,False,False,False,False,False,True,
thalesai,False,False,False,False,False,True,
theanthropicorder,False,False,False,False,False,True,
thebalkandwarf,False,False,False,False,False,True,
theblinkingaicatcatfather,False,False,False,False,False,True,
thecat,False,False,False,False,False,True,
thedogenft,False,False,False,False,False,True,
thelastplay,False,False,False,False,False,True,
thelokiecabal,False,False,False,False,False,True,
thenuttingprofessor,False,False,False,False,False,True,
thereallandwolf,False,False,False,False,False,True,
therugcoon,False,False,False,False,False,True,
thesocietylibrary,False,False,False,False,False,True,
thesoldog,False,False,False,False,False,True,
thetickeriseth,False,False,False,False,False,True,
theydontloveyoulikeiloveyou,False,False,False,False,False,True,
toadkiller,False,False,False,False,False,True,
toadsol,False,False,False,False,False,True,
tobi,False,False,False,False,False,True,
toco,False,False,False,False,False,True,
todd,False,False,False,False,False,True,
toga,False,False,False,False,False,True,
toki2,False,False,False,False,False,True,
tomocat,False,False,False,False,False,True,
tookerkurlson,False,False,False,False,False,True,
tophat,False,False,False,False,False,True,
topprotocol,False,False,False,False,False,True,
torithecat,False,False,False,False,False,True,
torsy,False,False,False,False,False,True,
trackedbio,False,False,False,False,False,True,
trenchai,False,False,False,False,False,True,
trisigma,False,False,False,False,False,True,
trog,False,False,False,False,False,True,
troll,False,False,False,False,False,True,
trumpderangementsyndrome,False,False,False,False,False,True,
trumpiusmaximus,False,False,False,False,False,True,
trumpshuffle,False,False,False,False,False,True,
trusttheprocess,False,False,False,False,False,True,
tsotchke,False,False,False,False,False,True,
tsuba,False,False,False,False,False,True,
tuki,False,False,False,False,False,True,
uglydog,False,False,False,False,False,True,
unfk,False,False,False,False,False,True,
unicornfartdust,False,False,False,False,False,True,
universalbasiccompute,False,False,False,False,False,True,
universaloperatingsystem,False,False,False,False,False,True,
upgrates,False,False,False,False,False,True,
upsidedowncat2,False,False,False,False,False,True,
uranus3,False,False,False,False,False,True,
urolithina,False,False,False,False,False,True,
valhallaindex,False,False,False,False,False,True,
vaticanmascot,False,False,False,False,False,True,
vaultterminal,False,False,False,False,False,True,
venko,False,False,False,False,False,True,
vibecat2,False,False,False,False,False,True,
vibingcat,False,False,False,False,False,True,
virgo2,False,False,False,False,False,True,
vitai,False,False,False,False,False,True,
vitainu,False,False,False,False,False,True,
voiceartificial,False,False,False,False,False,True,
voltinu2,False,False,False,False,False,True,
voyagerai,False,False,False,False,False,True,
waffles,False,False,False,False,False,True,
wallstreetmemes,False,False,False,False,False,True,
wally,False,False,False,False,False,True,
walterdogsolana,False,False,False,False,False,True,
wassie,False,False,False,False,False,True,
wat,False,False,False,False,False,True,
waterbear,False,False,False,False,False,True,
watercoin,False,False,False,False,False,True,
wawacat,False,False,False,False,False,True,
weirdmedievalmemes,False,False,False,False,False,True,
wen4,False,False,False,False,False,True,
whatsupdog,False,False,False,False,False,True,
whinecoin,False,False,False,False,False,True,
whiskey,False,False,False,False,False,True,
why,False,False,False,False,False,True,
whyyoutouzhele,False,False,False,False,False,True,
wibwob,False,False,False,False,False,True,
wicked,False,False,False,False,False,True,
wifejak,False,False,False,False,False,True,
wildgoatcoin2,False,False,False,False,False,True,
winniethepoodle,False,False,False,False,False,True,
winterarc,False,False,False,False,False,True,
wojak,False,False,False,False,False,True,
wolfofwallstreet,False,False,False,False,False,True,
womanyellingatcat,False,False,False,False,False,True,
wooftoken,False,False,False,False,False,True,
work,False,False,False,False,False,True,
would,False,False,False,False,False,True,
wrappedayeayecoin,False,False,False,False,False,True,
wrappeddog,False,False,False,False,False,True,
wuffi,False,False,False,False,False,True,
xcommunity,False,False,False,False,False,True,
xenopuslaevis,False,False,False,False,False,True,
xingxing,False,False,False,False,False,True,
yap,False,False,False,False,False,True,
yawnsworld,False,False,False,False,False,True,
yellowpepe,False,False,False,False,False,True,
yeschad,False,False,False,False,False,True,
yne,False,False,False,False,False,True,
yousim,False,False,False,False,False,True,
yowie,False,False,False,False,False,True,
zackmorris,False,False,False,False,False,True,
zaraai,False,False,False,False,False,True,
zazu2,False,False,False,False,False,True,
zenith3,False,False,False,False,False,True,
zerebrotokenoftransformation,False,False,False,False,False,True,
zerotech,False,False,False,False,False,True,
zeus3,False,False,False,False,False,True,
zoaai,False,False,False,False,False,True,
zods,False,False,False,False,False,True,
zoomer,False,False,False,False,False,True,
zoomersol,False,False,False,False,False,True,
zyncoin2,False,False,False,False,False,True,
