sheet_name,token,ticker,platform_or_chain,row_count,first_date,last_date,exclusion_reason
6,"""　""","""　""",solana,55,2024-12-12,2025-02-04,
1squirrel,#1 Squirrel,peanut,solana,70,2024-11-27,2025-02-04,
horny,$horny,$horny,solana,55,2024-12-12,2025-02-04,
ilence,$ilence,$ilence,solana,70,2024-11-27,2025-02-04,
1guy,1GUY,1guy,binance-smart-chain,86,2024-11-11,2025-02-02,
360noscope420blazeit,360noscope420blazeit,mlg,solana,86,2024-11-11,2025-02-04,
888token,888,888,solana,86,2024-11-11,2025-02-04,
5,??,??,solana,76,2024-11-21,2025-02-04,
doge,@DOGE,@doge,solana,80,2024-11-16,2025-02-04,
aicrystalnode,AI Crystal Node,aicrynode,solana,86,2024-11-11,2025-02-04,
aiinu,AI INU,aiinu,solana,86,2024-11-11,2025-02-04,
aishellnova,AI Shell NOVA,nova,solana,36,2024-12-31,2025-02-04,
aitraderagent,AI Trader Agent,ait,solana,33,2025-01-03,2025-02-04,
aimerica,AIMERICA,uai,solana,45,2024-12-22,2025-02-04,
aiwarpertoken,AIWarper Token,warper,solana,70,2024-11-26,2025-02-04,
akitabsc,AKITA-BSC,akita,binance-smart-chain,43,2024-12-24,2025-02-04,
alp,ALP,alp,solana,83,2024-11-15,2025-02-04,
amaterasuomikami,AMATERASU OMIKAMI,omikami,ethereum,86,2024-11-11,2025-02-04,
andy70b,ANDY70B,andy70b,solana,45,2024-12-22,2025-02-04,
avachiangmainightsafariava,AVA Chiang Mai Night Safari (AVA),ava,solana,70,2024-11-27,2025-02-04,
avaxhasnochill,AVAX HAS NO CHILL,nochill,avalanche,86,2024-11-11,2025-02-04,
axi,AXI,axi,solana,46,2024-12-21,2025-02-04,
abi,Abi,abi,solana,86,2024-11-11,2025-02-04,
acidtoad,Acid Toad,toad,ethereum,86,2024-11-11,2025-02-04,
adillo,Adillo,adillo,solana,43,2024-12-24,2025-02-04,
agentaigo,AgentAIgo,agent,solana,62,2024-12-21,2025-02-04,
agenttank,AgentTank,tank,solana,53,2024-12-14,2025-02-04,
aimonicabrands,Aimonica Brands,aimonica,solana,56,2024-12-11,2025-02-04,
aiwithdaddyissues,Aiwithdaddyissues,shegen,solana,86,2024-11-11,2025-02-04,
akiprotocol,Aki Network,aki,polygon-pos,86,2024-11-11,2025-02-04,
alaska,Alaska,alaska,solana,83,2024-11-15,2025-02-04,
alchemistai,Alchemist AI,alch,solana,62,2024-12-05,2025-02-04,
alpaca2,Alpaca,alpaca,solana,78,2024-11-19,2025-02-04,
alpha3,Alpha,alpha,solana,86,2024-11-11,2025-02-04,
americapac,America Pac,pac,ethereum,84,2024-11-13,2025-02-04,
americancoin,American Coin,usa,solana,86,2024-11-11,2025-02-04,
andyman,Andyman,andyman,ethereum,86,2024-11-11,2025-02-04,
anitamaxwynn,Anita Max Wynn,wynn,solana,83,2024-11-15,2025-02-04,
antitoken,Antitoken,anti,solana,33,2025-01-03,2025-02-04,
anyinu,Any Inu,ai,ethereum,86,2024-11-11,2025-02-04,
aped,Aped,aped,ethereum,71,2024-11-26,2025-02-04,
aquarius2,Aquarius,aquarius,solana,76,2024-11-21,2025-02-04,
aquathecoin,Aquathecoin,aqua,solana,85,2024-11-12,2025-02-04,
arbidoge,ArbiDoge,adoge,arbitrum-one,83,2024-11-15,2025-02-04,
ariethesealion,Arie The Sealion,arie,solana,77,2024-11-20,2025-02-04,
aries,Aries,aries,solana,76,2024-11-21,2025-02-04,
astheria,Astheria,heria,solana,45,2024-12-22,2025-02-04,
astropepex,AstroPepeX,apx,ethereum,86,2024-11-11,2025-02-04,
auroraterminal,Aurora,aurora,solana,77,2024-11-20,2025-02-04,
autonomousvirtualbeings,Autonomous Virtual Beings,avb,solana,86,2024-11-11,2025-02-04,
avaai,Ava AI,ava,solana,69,2024-11-28,2025-02-04,
avocato,Avocato,ato,solana,78,2024-11-19,2025-02-04,
badcatsol,BADCATsol,$badcat,solana,78,2024-11-19,2025-02-04,
based,BASED,based,solana,86,2024-11-11,2025-02-04,
biaoonsol,BIAO on SOL,biao,solana,62,2024-12-05,2025-02-04,
big,BIG,big,avalanche,57,2024-12-10,2025-02-04,
bigjim,BIG JIM,bigjim,solana,39,2024-12-28,2025-02-04,
billiondollarcatrunes,BILLION•DOLLAR•CAT (Runes),bdc,solana,46,2024-12-21,2025-02-04,
bitcoinact,BITCOIN Act,btcact,ethereum,78,2024-11-19,2025-02-04,
blk2100,BLK2100,$blk,ethereum,86,2024-11-11,2025-02-02,
bobtoken,BOB Token,bob,ethereum,86,2024-11-11,2025-02-04,
bobocoin,BOBO Coin,bobo,ethereum,38,2024-12-29,2025-02-04,
bogus,BOGUS,bogus,solana,85,2024-11-12,2025-02-04,
bongocat,BONGO CAT,bongo,solana,86,2024-11-11,2025-02-04,
booji,BOOJI,booji,solana,40,2024-12-27,2025-02-04,
boop3,BOOP,boop,solana,81,2024-11-15,2025-02-04,
brot,BROT,brot,solana,58,2024-12-09,2025-02-04,
buu,BUU,buu,solana,86,2024-11-11,2025-02-04,
babybnb,Baby BNB,babybnb,binance-smart-chain,86,2024-11-11,2025-02-04,
babybitcoin2,Baby BitCoin,babybtc,solana,83,2024-11-15,2025-02-04,
babydragonx,Baby DragonX,bdx,ethereum,86,2024-11-11,2025-02-04,
babyneirotoken,Baby Neiro Token,babyneiro,ethereum,86,2024-11-11,2025-02-04,
babypepe3,Baby Pepe,babypepe,ethereum,45,2024-12-22,2025-02-04,
babyshironeko,Baby Shiro Neko,babyshiro,solana,64,2024-12-03,2025-02-04,
babywen,Baby Wen,bwen,solana,86,2024-11-11,2025-02-04,
badideaai,Bad Idea AI,bad,ethereum,86,2024-11-11,2025-02-04,
ballsoffate,Balls of Fate,bof,solana,86,2024-11-11,2025-02-04,
bananaforscale2,Banana For Scale,banana,binance-smart-chain,61,2024-12-06,2025-02-04,
bananatapewall,Banana Tape Wall,btw,solana,86,2024-11-11,2025-02-04,
bananaforscale,Banana for Scale,banana,solana,70,2024-11-27,2025-02-04,
bananacat,BananaCat,bcat,ethereum,86,2024-11-11,2025-02-04,
basktfun,Baskt.Fun,baskt,solana,73,2024-11-24,2025-02-04,
beercoin2,Beercoin,beer,solana,86,2024-11-11,2025-02-04,
believeinsomething,Believe In Something,bis,solana,86,2024-11-11,2025-02-04,
benthedog,Ben the Dog,bendog,solana,86,2024-11-11,2025-02-04,
bertramthepomeranian,Bertram The Pomeranian,bert,solana,84,2024-11-13,2025-02-04,
betmore,Bet more,bet,solana,86,2024-11-11,2025-02-04,
beth,Beth,$beth,solana,40,2024-12-27,2025-02-04,
biaoqing,Biaoqing,biao,ethereum,86,2024-11-11,2025-02-04,
bigcheungus,Big Cheungus,$cheungus,solana,75,2024-11-22,2025-02-04,
bigdogfink,Big Dog Fink,bink,solana,78,2024-11-19,2025-02-04,
bigpharmai,Big Pharmai,drugs,solana,49,2024-12-18,2025-02-04,
billy,Billy,billy,solana,86,2024-11-11,2025-02-04,
bingusthecat,Bingus The Cat,bingus,solana,86,2024-11-11,2025-02-04,
birddog,Bird Dog,birddog,ethereum,86,2024-11-11,2025-02-04,
bitbonk,BitBonk,bbonk,binance-smart-chain,86,2024-11-11,2025-02-04,
bitcat2,BitCat,btcat,solana,86,2024-11-11,2025-02-04,
bitcat3,Bitcat,bitcat,solana,78,2024-11-19,2025-02-04,
blackagnus,Black Agnus,ftw,ethereum,64,2024-12-02,2025-02-04,
blackunicorncorp,Black Unicorn Corp.,moon,ethereum,33,2025-01-03,2025-02-04,
blinksgg,Blinks.gg,bgg1,solana,86,2024-11-11,2025-02-04,
belikeblob,Blob,blob,solana,75,2024-11-22,2025-02-04,
blobanapet,Blobana pet,blob,solana,76,2024-11-21,2025-02-04,
bloomspergterminal,Bloomsperg Terminal,sperg,solana,75,2024-11-22,2025-02-04,
bobthesnek,Bob the Snek,bob,solana,84,2024-11-13,2025-02-04,
bobaoppa,Boba Oppa,bobaoppa,solana,86,2024-11-11,2025-02-04,
bobacat,BobaCat,psps,ethereum,86,2024-11-11,2025-02-04,
boblles,Boblles,bobls,solana,66,2024-12-01,2025-02-04,
bog,Bog,bog,ethereum,86,2024-11-11,2025-02-04,
bonsaitoken,Bonsai Token,bonsai,polygon-pos,73,2024-11-24,2025-02-04,
boop2,Boop,boop,arbitrum-one,86,2024-11-11,2025-02-04,
bopcat,Bop Cat,bop,solana,85,2024-11-12,2025-02-04,
bozohybrid,Bozo Benk,bozo,solana,86,2024-11-11,2025-02-04,
brainlet2,Brainlet,brainlet,solana,86,2024-11-11,2025-02-04,
brettmemecoin,Brett (ETH),brett,ethereum,62,2024-12-05,2025-02-04,
brothecat,Bro the cat,bro,solana,86,2024-11-11,2025-02-04,
bueno,Bueno,bueno,solana,78,2024-11-19,2025-02-04,
buildonbnb,Build On BNB,bob,binance-smart-chain,74,2024-11-23,2025-02-04,
burnedfi,BurnedFi,burn,binance-smart-chain,86,2024-11-11,2025-02-04,
buttholecoin,Butthole Coin,butthole,solana,35,2025-01-01,2025-02-04,
byte,Byte,byte,ethereum,86,2024-11-11,2025-02-04,
catex,CATEX,catex,binance-smart-chain,86,2024-11-11,2025-02-04,
cctv,CCTV,cctv,solana,86,2024-11-11,2025-02-04,
chadcat,CHAD CAT,chadcat,solana,71,2024-11-26,2025-02-04,
chonky,CHONKY,chonky,solana,86,2024-11-11,2025-02-04,
clapcat,CLAPCAT,$clap,solana,86,2024-11-11,2025-02-04,
coal2,COAL,coal,solana,86,2024-11-11,2025-02-04,
cococoin,COCO COIN,coco,binance-smart-chain,83,2024-11-15,2025-02-04,
crab,CRAB,crab,solana,55,2024-12-12,2025-02-04,
csi888,CSI888,csi,ethereum,86,2024-11-11,2025-02-04,
cupsey,CUPSEY,cupsey,solana,85,2024-11-12,2025-02-04,
cancer,Cancer,cancer,solana,76,2024-11-21,2025-02-04,
capricorn2,Capricorn,capricorn,solana,76,2024-11-21,2025-02-04,
carloacutis,Carlo Acutis,saint,solana,70,2024-11-27,2025-02-04,
cas9,Cas9,crispr,solana,33,2025-01-03,2025-02-04,
catdog,Cat-Dog,catdog,solana,86,2024-11-11,2025-02-04,
catslap,CatSlap,slap,ethereum,58,2024-12-09,2025-02-04,
catalorian,Catalorian,catalorian,ethereum,86,2024-11-11,2025-02-04,
catana,Catana,catana,solana,86,2024-11-11,2025-02-04,
catecoin,CateCoin,cate,binance-smart-chain,86,2024-11-11,2025-02-04,
centience,Centience,cents,solana,77,2024-11-20,2025-02-04,
chadcoin,Chad Coin,chad,ethereum,86,2024-11-11,2025-02-04,
chartreuxcat,Chartreux Cat,chart,solana,86,2024-11-11,2025-02-04,
chatgptsmascot,ChatGPT's Mascot,chatty,solana,78,2024-11-19,2025-02-04,
cheems,Cheems,cheems,solana,86,2024-11-11,2025-02-04,
cheese2,Cheese,cheese,solana,86,2024-11-11,2025-02-04,
cheese3,Cheese,cheese,solana,77,2024-11-20,2025-02-04,
cheeseball,Cheeseball,cb,solana,86,2024-11-11,2025-02-04,
cheshiregrin,Cheshire Grin,grin,solana,67,2024-11-30,2025-02-04,
cheyenne,Cheyenne,cheyenne,solana,77,2024-11-20,2025-02-04,
chibawan,Chiba Wan,chib,ethereum,85,2024-11-12,2025-02-04,
chillgirl,Chill Girl,chillgirl,solana,71,2024-11-26,2025-02-04,
choccymilkcat,Choccy Milk Cat,choccy,solana,79,2024-11-17,2025-02-04,
chudjak,Chudjak,chud,solana,86,2024-11-11,2025-02-04,
claude,Claude,claude,solana,35,2025-01-01,2025-02-04,
codetoken,Code Token,code,ethereum,75,2024-11-22,2025-02-04,
codergf,Coder GF,codergf,solana,39,2024-12-28,2025-02-04,
comedian,Comedian,ban,solana,48,2024-12-19,2025-02-04,
convo,Convo,convo,solana,51,2024-12-16,2025-02-04,
corgiinu2,Corgi Inu,corgi,binance-smart-chain,36,2024-12-31,2025-02-04,
corn2,Corn,corn,ethereum,86,2024-11-11,2025-02-04,
costcohotdog,Cost Hot Dog,cost,solana,86,2024-11-11,2025-02-04,
crashout,Crashout,crashout,solana,86,2024-11-11,2025-02-04,
craze,Craze,craze,ethereum,43,2024-12-24,2025-02-04,
cryptoczar,Crypto Czar,czar,ethereum,69,2024-11-28,2025-02-04,
cryptoboomcoinofficial,CryptoBoomCoin Official,cbc,solana,86,2024-11-11,2025-02-04,
cultofpepe,Cult of Pepe,cope,solana,84,2024-11-13,2025-02-04,
cumrocket,CumRocket,cummies,binance-smart-chain,86,2024-11-11,2025-02-04,
cyberdoge3,Cyberdoge,cdoge,solana,85,2024-11-12,2025-02-04,
dogaiwtf,DOGAI,dogai,solana,85,2024-11-12,2025-02-04,
dogc,DOGC,dogc,ethereum,63,2024-12-04,2025-02-04,
dogeonsolana,DOGE on Solana,sdoge,solana,86,2024-11-11,2025-02-04,
drip,DRIP,$drip,ethereum,86,2024-11-11,2025-02-04,
duko,DUKO,duko,solana,86,2024-11-11,2025-02-04,
daddychill,Daddy Chill,daddychill,solana,66,2024-12-01,2025-02-04,
daddytate,Daddy Tate,daddy,solana,78,2024-11-19,2025-02-04,
darkmaga,Dark MAGA,dmaga,solana,86,2024-11-11,2025-02-04,
dasha,Dasha,vvaifu,solana,86,2024-11-11,2025-02-04,
defrogs,DeFrogs,defrogs,ethereum,68,2024-11-29,2025-02-04,
deepworm,Deep Worm,worm,solana,86,2024-11-11,2025-02-04,
degenspartanai,Degen Spartan AI,degenai,solana,86,2024-11-11,2025-02-04,
dejitarutsuka,Dejitaru Tsuka,tsuka,ethereum,86,2024-11-11,2025-02-04,
departmentofgovernmentefficiency3,Department Of Government Efficiency,d.o.g.e,ethereum,84,2024-11-13,2025-02-04,
departmentofgovefficiency,Department of Gov Efficiency,doge,solana,83,2024-11-15,2025-02-04,
derdaku,Der Daku,daku,solana,36,2024-12-31,2025-02-04,
devinonsolana,Devin,devin,solana,86,2024-11-11,2025-02-04,
dingocoin,Dingocoin,dingo,solana,64,2024-12-03,2025-02-04,
dinolfg,DinoLFG,dino,ethereum,86,2024-11-11,2025-02-04,
divinelyprotected,Divinely Protected,dp,solana,73,2024-11-24,2025-02-04,
dogemojionsolana,Dog Emoji On Solana,?,solana,86,2024-11-11,2025-02-04,
dogfoodtoken,Dog Food Token,oishii,ethereum,86,2024-11-11,2025-01-30,
dogwifnuchucks,Dog Wif Nunchucks,ninja,solana,77,2024-11-24,2025-02-04,
doglibre,DogLibre,dogl,ethereum,49,2024-12-18,2025-02-04,
dogami,Dogami,doga,solana,70,2024-11-27,2025-02-04,
dogejonesindustrialaverage,Doge Jones Industrial Average,dji,solana,85,2024-11-12,2025-02-04,
leash,Doge Killer,leash,ethereum,86,2024-11-11,2025-02-04,
dogemascotshibu,Doge Mascot Shibu,shibu,solana,86,2024-11-11,2025-02-04,
dogebonk,DogeBonk,dobo,binance-smart-chain,86,2024-11-11,2025-02-04,
dogefather3,DogeFather,the dogefather,ethereum,34,2025-01-02,2025-02-04,
dogecast,Dogecast,dogecast,ethereum,76,2024-11-21,2025-02-04,
dogefather2,Dogefather,dogefather,solana,73,2024-11-24,2025-02-04,
doggo3,Doggo,doggo,ethereum,86,2024-11-11,2025-02-04,
doggoinu,Doggo Inu,doggo,ethereum,86,2024-11-11,2025-02-03,
doginhood,DoginHood,dogin,solana,86,2024-11-11,2025-02-04,
dolanduck,Dolan Duck,dolan,solana,85,2024-11-12,2025-02-04,
donaldtremp,Doland Tremp,tremp,solana,86,2024-11-11,2025-02-04,
dollarmoon2,DollarMoon,dmoon,solana,86,2024-11-11,2025-02-04,
dolosthebully,Dolos The Bully,bully,solana,78,2024-11-19,2025-02-04,
dontbuyinu,Don't Buy Inu,dbi,ethereum,86,2024-11-11,2025-02-04,
dontdie,Don't Die,dontdie,solana,70,2024-11-27,2025-02-04,
dorklord2,Dork Lord,dorky,ethereum,86,2024-11-11,2025-02-04,
dotcom,Dotcom,y2k,solana,70,2024-11-27,2025-02-04,
duckthedoug,Doug the Duck,doug,solana,86,2024-11-11,2025-02-04,
drpepeai,DrPepe.ai,bryan,solana,39,2024-12-28,2025-02-04,
draggycto,Draggy CTO,draggy,ethereum,86,2024-11-11,2025-02-04,
duckai,Duck AI,duckai,solana,66,2024-12-01,2025-02-04,
ducky,Ducky,ducky,ethereum,86,2024-11-11,2025-02-04,
ethbull,ETH BULL,bull,ethereum,40,2024-12-27,2025-02-04,
ethereumisgood,ETHEREUM IS GOOD,ebull,ethereum,86,2024-11-11,2025-02-04,
expert_money,EXPERT_MONEY,expert,solana,71,2024-11-26,2025-02-04,
eagleoftruth,Eagle of Truth,egl,solana,86,2024-11-11,2025-02-04,
effectiveaccelerationism,Effective accelerationism,e/acc,solana,86,2024-11-11,2025-02-04,
eggdog,Eggdog,egg,solana,86,2024-11-11,2025-02-04,
elsapopepe,El Sapo Pepe,pepe,ethereum,45,2024-12-22,2025-02-04,
eliza,Eliza,eliza,solana,74,2024-11-23,2025-02-04,
elon,Elon,$elon,ethereum,86,2024-11-11,2025-02-04,
elonrwa,ElonRWA,elonrwa,solana,86,2024-11-15,2025-02-04,
eloniatrump,Elonia Trump,elonia,solana,74,2024-11-23,2025-02-04,
elonspetsnail,Elons Pet Snail,gary,ethereum,77,2024-11-20,2025-02-04,
enkrypto,EnKrypto,krypt,solana,86,2024-11-11,2025-02-04,
endfederalreserve,End Federal Reserve,efr,solana,74,2024-11-23,2025-02-04,
estee,Estee,estee,ethereum,86,2024-11-11,2025-02-04,
evan2,Evan,evan,solana,70,2024-11-27,2025-02-04,
faml,FAML,faml,binance-smart-chain,74,2024-11-23,2025-02-04,
fatgf,FATGF,fatgf,solana,86,2024-11-11,2025-02-04,
feces,FECES,feces,solana,86,2024-11-11,2025-02-04,
fegtoken2,FEED EVERY GORILLA,feg,ethereum,86,2024-11-11,2025-02-04,
fijiexe,FIJI.EXE,fiji,solana,81,2024-11-15,2025-02-04,
fine2,FINE,fine,avalanche,84,2024-11-13,2025-02-04,
fleabone,FLEABONE,bone,ethereum,78,2024-11-19,2025-02-04,
florkcto,FLORK CTO,flork,solana,37,2024-12-30,2025-02-04,
fomo3d,FOMO 3D,fomo3d.fun,solana,54,2024-12-13,2025-02-04,
fomoradioai,FOMO RADIO AI,radio,solana,33,2025-01-03,2025-02-04,
forest,FOREST,forest,solana,86,2024-11-11,2025-02-04,
freeshaynecoplan,FREE Shayne Coplan,eagle,solana,77,2024-11-20,2025-02-04,
fric,FRIC,fric,solana,54,2024-12-13,2025-02-04,
fu,FU,fu,binance-smart-chain,86,2024-11-11,2025-02-04,
fug,FUG,fug,ethereum,86,2024-11-11,2025-02-02,
fxn,FXN,fxn,solana,62,2024-12-05,2025-02-04,
fairfun,Fairfun,fair,solana,86,2024-11-11,2025-01-25,
fefeoneth,Fefe,fefe,ethereum,86,2024-11-11,2025-02-04,
feistydogenft,Feisty Doge NFT,nfd,ethereum,86,2024-11-11,2025-02-04,
fighttomaga,Fight to MAGA,fight,ethereum,86,2024-11-11,2025-02-04,
firstconvictedraccon,First Convicted RACCON,fred,solana,54,2024-12-13,2025-02-04,
fishkoin,Fishkoin,koin,binance-smart-chain,86,2024-11-11,2025-02-04,
fisttrumppump,Fisttrumppump,ftp,ethereum,86,2024-11-11,2025-02-04,
flatearthcoin,Flat Earth Coin,flat,solana,78,2024-11-19,2025-02-04,
flaviaisonline,Flavia Is Online,flavia,solana,86,2024-11-11,2025-02-04,
floofnoodles,Floofnoodles,floof,solana,74,2024-11-23,2025-02-04,
floos,Floos,fls,solana,86,2024-11-11,2025-02-04,
floppacat,Floppa Cat,floppa,solana,86,2024-11-14,2025-02-04,
flowerai,FlowerAI,flower,solana,70,2024-11-27,2025-02-04,
fofar,Fofar,fofar,ethereum,86,2024-11-11,2025-02-04,
forky2,Forky,forky,binance-smart-chain,33,2025-01-03,2025-02-04,
freespeech2,Free Speech,x,ethereum,36,2024-12-31,2025-02-04,
frensofelon,Frens of Elon,frens,solana,58,2024-12-09,2025-02-04,
frodothevirtualsamurai,Frodo the Virtual Samurai,frog,binance-smart-chain,50,2024-12-17,2025-02-04,
frog3,Frog,frog,solana,84,2024-11-13,2025-02-04,
frogevip,Froge,froge,ethereum,54,2024-12-13,2025-02-04,
frox,Frox,frox,solana,74,2024-11-23,2025-02-04,
fuku2,Fuku,fuku,solana,74,2024-11-23,2025-02-04,
furnancialadvisor,Fur-nancial advisor,fur,solana,78,2024-11-19,2025-02-04,
gdog,GDOG,gdog,solana,86,2024-11-11,2025-02-04,
glp1,GLP1,glp1,solana,70,2024-11-27,2025-02-04,
gme,GME,gme,solana,86,2024-11-11,2025-02-04,
gamestop,GME (Ethereum),gme,ethereum,86,2024-11-11,2025-02-04,
gmika,GMika,gmika,solana,86,2024-11-11,2025-02-04,
gobi,GOBI,gobi,solana,70,2024-11-27,2025-02-04,
goofy2,GOOFY,goofy,solana,31,2025-01-05,2025-02-04,
gout,GOUT,gout,binance-smart-chain,74,2024-11-23,2025-02-04,
gpuairich,GPU ai Rich,rich,solana,49,2024-12-18,2025-02-04,
gua,GUA,gua,ethereum,71,2024-11-26,2025-02-04,
gummy,GUMMY,gummy,solana,86,2024-11-11,2025-02-04,
gameswift,GameSwift,gswift,arbitrum-one,86,2024-11-11,2025-02-04,
gegagedigedagedago,Gegagedigedagedago,nugget,solana,74,2024-11-23,2025-02-04,
gemini2,Gemini,gemini,solana,83,2024-11-15,2025-02-04,
genzquant,Gen Z Quant,quant,solana,76,2024-11-21,2025-02-04,
generationalwealth3,Generational Wealth,wealth,solana,84,2024-11-13,2025-02-04,
gikocat,Giko Cat,giko,solana,86,2024-11-11,2025-02-04,
ginnan,Ginnan,ginnan,ethereum,67,2024-11-30,2025-02-03,
ginnanthecat,Ginnan The Cat,ginnan,solana,86,2024-11-11,2025-02-04,
glorp,Glorp,glorp,solana,78,2024-11-19,2025-02-04,
gluteusmaximusbyvirtuals,Gluteus Maximus by Virtuals,gluteu,solana,39,2024-12-28,2025-02-04,
goatseusactii,Goatseus Act II,goatseus,ethereum,83,2024-11-15,2025-01-23,
gondola,Gondola,gondola,ethereum,86,2024-11-11,2025-02-04,
gooby,Gooby,gooby,solana,86,2024-11-11,2025-02-04,
goodmorning3,Good Morning!,gm,solana,82,2024-11-15,2025-02-04,
goodboy,GoodBoy,goodboy,solana,42,2024-12-25,2025-02-04,
gottitoken,Gotti Token,gotti,solana,86,2024-11-11,2025-02-04,
gou,Gou,gou,ethereum,86,2024-11-11,2025-02-04,
griffainnewhedgefund,Griffain New Hedge Fund,citadail,solana,41,2024-12-26,2025-02-04,
groggobymattfurie,Groggo By Matt Furie,groggo,ethereum,86,2024-11-11,2025-02-04,
grok2,Grok,$grok,ethereum,85,2024-11-12,2025-02-04,
groyper,Groyper,groyper,ethereum,86,2024-11-11,2025-02-04,
grumpycatcoin,Grumpy Cat Coin,grumpy,solana,74,2024-11-23,2025-02-04,
guacamole,Guacamole,guac,solana,86,2024-11-11,2025-02-04,
hami,HAMI,$hami,solana,86,2024-11-11,2025-02-04,
huahua,HUA HUA,huahua,solana,68,2024-11-29,2025-02-04,
habibisol,Habibi (Sol),habibi,solana,86,2024-11-11,2025-02-04,
hahayes,HahaYes,rizo,solana,85,2024-11-12,2025-02-04,
halforangedrinkinglemonade,Half Orange Drinking Lemonade,hodl,solana,86,2024-11-11,2025-02-04,
hana,Hana,hana,ethereum,86,2024-11-11,2025-02-04,
hanbao,Hanbao,hanbao,solana,83,2024-11-15,2025-02-04,
happycat2,Happy Cat,happy,solana,70,2024-11-27,2025-02-04,
harambe2,Harambe on Solana,harambe,solana,80,2024-11-16,2025-02-04,
harold,Harold,harold,solana,86,2024-11-11,2025-02-04,
haroldonsol,Harold,harold,solana,74,2024-11-23,2025-02-04,
harrypottertrumphomersimpson777inu,HarryPotterTrumpHomerSimpson777Inu,ethereum,ethereum,86,2024-11-11,2025-02-04,
hasbullascat,Hasbulla's Cat,barsik,solana,82,2024-11-15,2025-02-04,
hawk2,Hawk,hawk,binance-smart-chain,86,2024-11-11,2025-02-04,
heeeheee,HeeeHeee,heehee,solana,86,2024-11-11,2025-02-04,
hege,Hege,$hege,solana,86,2024-11-11,2025-02-04,
hemule,Hemule,hemule,ethereum,86,2024-11-11,2025-02-04,
henlo,Henlo,henlo,ethereum,77,2024-11-20,2024-12-03,
hermythestallion,Hermy The Stallion,hermy,solana,57,2024-12-10,2025-02-04,
highaf,High AF,ath,solana,67,2024-11-30,2025-02-04,
hisnamegort,His name gort,gort,solana,78,2024-11-19,2025-02-04,
historyofpepe,History of Pepe,hope,ethereum,86,2024-11-11,2025-02-04,
hogefinance,Hoge Finance,hoge,ethereum,86,2024-11-11,2025-02-04,
honk,Honk,honk,solana,86,2024-11-11,2025-02-04,
hoppymeme,Hoppy,hoppy,ethereum,63,2024-12-04,2025-02-04,
hotdoge2,Hot Doge,hotdoge,solana,50,2024-12-17,2025-02-04,
hund,Hund,hund,solana,86,2024-11-11,2025-02-04,
huskyavax,Husky Avax,husky,avalanche,86,2024-11-11,2025-02-04,
ilovepuppies,I love puppies,puppies,ethereum,86,2024-11-11,2025-02-04,
inferno2,INFERNO,inf,ethereum,86,2024-11-11,2025-02-04,
inusol,INU,inu,solana,86,2024-11-11,2025-02-04,
iq50,IQ50,iq50,solana,86,2024-11-11,2025-02-04,
iq6900,IQ6900,iq,solana,51,2024-12-16,2025-02-04,
ito,ITO,$ito,ethereum,86,2024-11-11,2025-02-04,
illuminaticoin,IlluminatiCoin,nati,ethereum,86,2024-11-11,2025-02-04,
intern,Intern,intern,solana,74,2024-11-23,2025-02-04,
internationalmemefund,International Meme Fund,imf,ethereum,54,2024-12-13,2025-02-04,
internosaur,Internosaur,$intern,solana,57,2024-12-10,2025-02-04,
jak,JAK,jak,solana,66,2024-12-01,2025-02-04,
jenhsunhuang,JHH,jhh,solana,86,2024-11-11,2025-02-04,
jinx,JINX,jinx,solana,85,2024-11-12,2025-02-04,
justiceforpeanut,JUSTICE FOR PEANUT,jfp,solana,53,2024-12-14,2025-02-04,
jailbreakme,JailbreakMe,jail,solana,53,2024-12-14,2025-02-04,
janrotherat,Janro The Rat,janro,solana,63,2024-12-04,2025-02-04,
jeoboden,Jeo Boden,boden,solana,86,2024-11-11,2025-02-04,
jesuscoin,Jesus Coin,jesus,ethereum,86,2024-11-11,2025-02-04,
jewelsdagoat,Jewels Da Goat,jewels,solana,77,2024-11-20,2025-02-04,
jiffpom,Jiffpom,jiff,solana,70,2024-11-27,2025-02-04,
joecoin,Joe Coin,joe,ethereum,83,2024-11-15,2025-02-04,
johnmcaifee,John McAIfee,mcaifee,solana,78,2024-11-19,2025-02-04,
johnthecoin,John the Coin,john,solana,86,2024-11-11,2025-02-04,
joi,Joi,joi,solana,77,2024-11-20,2025-02-04,
jorkin,Jorkin,jorkin,solana,78,2024-11-19,2025-02-04,
justachillguy,Just a chill guy (ETH),chillguy,ethereum,64,2024-12-03,2025-02-04,
justiceforpnutandfred,Justice for Pnut and Fred,justice,solana,70,2024-11-27,2025-02-04,
k9killedinshootout,K-9 Killed in Shootout,titan,solana,77,2024-11-20,2025-02-04,
k9financedao,K9 Finance DAO,knine,ethereum,86,2024-11-11,2025-02-04,
kandoai,KANDO AI,kando,solana,42,2024-12-25,2025-02-04,
keketerminal,KEKE Terminal,keke,solana,68,2024-11-29,2025-02-04,
kiki2,KIKI,kiki,solana,44,2024-12-23,2025-02-04,
kira3,KIRA,kira,solana,70,2024-11-27,2025-02-04,
klaus,KLAUS,klaus,ethereum,86,2024-11-11,2025-02-04,
koalaai,KOALA AI,koko,solana,86,2024-11-11,2025-02-04,
kpopkpopfun,KPOP (kpop.fun),kpop,solana,54,2024-12-13,2025-02-04,
kween,KWEEN,kween,solana,50,2024-12-17,2025-02-04,
kyra,KYRA,kyra,ethereum,85,2024-11-12,2025-02-04,
kaiken,Kai Ken,kai,ethereum,86,2024-11-11,2025-02-04,
kappy,Kappy,kappy,solana,61,2024-12-06,2025-02-04,
katanainu,Katana Inu,kata,ethereum,86,2024-11-11,2025-02-04,
keanu,Keanu,knu,solana,74,2024-11-23,2025-02-04,
keepgambling,Keep Gambling,gamble,solana,58,2024-12-09,2025-02-04,
kekistan,Kekistan,kek,ethereum,86,2024-11-11,2025-02-04,
kekiusmaximus,Kekius Maximus,kekius,ethereum,47,2024-12-20,2025-02-04,
kenduinu,Kendu Inu,kendu,ethereum,85,2024-11-12,2025-02-04,
keyboardcat,Keyboard Cat,keycat,solana,83,2024-11-15,2025-02-04,
kibainu,Kiba Inu,kiba,ethereum,86,2024-11-11,2025-02-04,
kiboshib,KiboShib,kibshi,ethereum,86,2024-11-11,2025-02-04,
kimbo,Kimbo,kimbo,avalanche,86,2024-11-11,2025-02-04,
kirakuru,KiraKuru,kra,solana,51,2024-12-16,2025-02-04,
kittekoin,Kittekoin,koin,ethereum,86,2024-11-11,2025-02-03,
kittenhaimer,Kitten Haimer,khai,solana,86,2024-11-11,2025-02-04,
kizuna,Kizuna,kizuna,ethereum,86,2024-11-11,2025-02-04,
knotdiffiehellman,Knot Diffie-Hellman,knot,solana,56,2024-12-11,2025-02-04,
knutfromzoo,Knut From Zoo,knut,solana,42,2024-12-25,2025-02-04,
kolin2,Kolin,kolin,solana,67,2024-11-30,2025-02-04,
komainu,Koma Inu,koma,binance-smart-chain,86,2024-11-11,2025-02-04,
kotaro,Kotaro,kotaro,solana,76,2024-11-21,2025-02-04,
koto2,Koto,koto,solana,70,2024-11-27,2025-02-04,
leaai,LEA AI,lea,solana,71,2024-11-26,2025-02-04,
ledogdog,LEDOG (DOG),dog,ethereum,86,2024-11-11,2025-02-04,
legend,LEGEND,legend,solana,60,2024-12-07,2025-02-04,
leper,LEPER,leper,solana,82,2024-11-15,2025-02-04,
limbo,LIMBO,limbo,solana,62,2024-12-05,2025-02-04,
loafcat,LOAFCAT,loafcat,solana,86,2024-11-11,2025-02-04,
lockin,LOCK IN,lockin,solana,77,2024-11-20,2025-02-04,
logosai,LOGOSAI,logos,solana,57,2024-12-10,2025-02-04,
lol3,LOL,lol,solana,86,2024-11-11,2025-02-04,
long4,LONG,long,solana,61,2024-12-06,2025-02-04,
loulou,LOULOU,loulou,solana,86,2024-11-11,2025-02-04,
luci,LUCI,luci,solana,86,2024-11-11,2025-02-04,
lumi3,LUMI,lumi,solana,58,2024-12-09,2025-02-04,
lambosforvirgins,LambosForVirgins,virgin,solana,61,2024-12-06,2025-02-04,
thereallandwolf,LandWolf,wolf,solana,86,2024-11-11,2025-02-04,
landwolf2,Landwolf,wolf,ethereum,70,2024-11-27,2025-02-04,
larpdetectiveagency,Larp Detective Agency,$agency,solana,43,2024-12-24,2025-02-04,
leo2,Leo,leo,solana,76,2024-11-21,2025-02-04,
lethimcook,Let Him Cook,$cook,solana,86,2024-11-11,2025-02-04,
letthatsinkin,Let that sink in,sink,solana,82,2024-11-15,2025-02-04,
letsfarty,Let's Farty,farty,solana,33,2025-01-03,2025-02-04,
letsgetthisbread,Lets Get This Bread,lgtb,solana,50,2024-12-17,2025-02-04,
libra4,Libra,libra,solana,76,2024-11-21,2025-02-04,
lilyscoin,Lily's Coin,lily,ethereum,86,2024-11-11,2025-02-04,
lingyan,Lingyan,lingyan,solana,83,2024-11-15,2025-02-04,
linkonsol,Link on Sol,link,solana,77,2024-11-20,2025-02-04,
lioncat,Lion Cat,lcat,binance-smart-chain,86,2024-11-11,2025-02-04,
litecoinmascot,Litecoin Mascot,lester,solana,77,2024-11-20,2025-02-04,
literallyme,Literally Me,me,solana,86,2024-11-11,2025-02-04,
lola3,Lola,lola,solana,62,2024-12-05,2025-02-04,
lolcat2,Lolcat,lolcat,solana,86,2024-11-11,2025-02-04,
loobybystephenbliss,Looby by Stephen Bliss,looby,solana,74,2024-11-23,2025-02-04,
lookbro,Look bro,look,solana,86,2024-11-11,2025-02-04,
lovelyinufinance,Lovely Inu Finance,lovely,ethereum,86,2024-11-11,2025-02-04,
lowqualitycat,Low Quality Cat,lqc,solana,86,2024-11-11,2025-02-04,
offcialmascotoftheholyyear,Luce,luce,solana,47,2024-12-20,2025-02-04,
lucedog,Luce Dog,santino,solana,83,2024-11-15,2025-02-04,
luckydog,Lucky Dog,lucky,solana,86,2024-11-20,2025-02-04,
luffyinu,Luffy,luffy,ethereum,54,2024-12-13,2025-02-04,
lunabyvirtuals,Luna by Virtuals,luna,solana,59,2024-12-08,2025-02-04,
m3m3,M3M3,m3m3,solana,47,2024-12-20,2025-02-04,
mad2,MAD,mad,solana,86,2024-11-11,2025-02-04,
magaagain,MAGA Again,magaa,ethereum,86,2024-11-11,2025-02-04,
magahat,MAGA Hat,maga,ethereum,86,2024-11-11,2025-02-04,
magafightfortrump,MAGA: Fight for Trump,trumpcoin,ethereum,85,2024-11-12,2025-02-04,
make,MAKE,make,binance-smart-chain,86,2024-11-11,2025-02-04,
maneki,MANEKI,maneki,solana,54,2024-12-13,2025-02-04,
max2,MAX,max,solana,61,2024-12-06,2025-02-04,
medusa2,MEDUSA,medusa,solana,85,2024-11-12,2025-02-04,
men,MEN,men,solana,86,2024-11-11,2025-02-04,
meow,MEOW,meow,solana,83,2024-11-15,2025-02-04,
zerotech,MEOW,meow,ethereum,86,2024-11-11,2025-02-04,
milkbag,MILKBAG,milkbag,solana,86,2024-11-11,2025-02-04,
mimany,MIMANY,mimany,solana,86,2024-11-11,2025-02-04,
mist2,MIST,霞,solana,78,2024-11-19,2025-02-04,
moai,MOAI,moai,solana,85,2024-11-12,2025-02-04,
moe4,MOE,moe,solana,62,2024-12-05,2025-02-04,
moew,MOEW,moew,solana,74,2024-11-23,2025-02-04,
moodeng2,MOO DENG,moodeng,ethereum,86,2024-11-11,2025-02-04,
morris,MORRIS,morris,solana,82,2024-11-15,2025-02-04,
moss,MOSS,moss,solana,40,2024-12-27,2025-02-04,
mstr2100,MSTR2100,mstr,ethereum,85,2024-11-12,2025-02-04,
mumuthebull3,MUMU THE BULL,mumu,solana,44,2024-12-23,2025-02-04,
mut,MUT,mut,polygon-pos,74,2024-11-23,2025-02-04,
madonnadelgatto,Madonna del gatto,gatto,binance-smart-chain,47,2024-12-20,2025-02-01,
magaverse,Magaverse,mvrs,solana,49,2024-12-18,2025-02-04,
magnet2,Magnet,magnet,solana,85,2024-11-12,2025-02-04,
maincharacter,Main Character,main,solana,77,2024-11-20,2025-02-04,
maincharacterenergy,Main Character Energy,mcen,solana,76,2024-11-21,2025-02-04,
majorfrog,Major Frog,major,solana,86,2024-11-11,2025-02-04,
makeamericahealthyagain,Make America Healthy Again,maha,ethereum,84,2024-11-13,2025-02-04,
malakai,Malakai,malakai,solana,86,2024-11-11,2025-02-04,
manifestonsol,Manifest,manifest,solana,86,2024-11-11,2025-02-04,
mao3,Mao,mao,ethereum,86,2024-11-11,2025-02-03,
marketdominance,Market Dominance,md,solana,86,2024-11-11,2025-02-04,
mars2,Mars,mars,ethereum,86,2024-11-11,2025-02-04,
marvininu2,Marvin Inu,marvin,ethereum,86,2024-11-11,2025-02-04,
matt0x79,Matt Furie,matt,ethereum,86,2024-11-11,2025-02-04,
maxoneth,Max on ETH,maxeth,ethereum,57,2024-12-10,2025-02-04,
maya,Maya,maya,solana,83,2024-11-15,2025-02-04,
mcdull,McDull (Meme),mcdull,solana,58,2024-12-09,2025-02-04,
mellowman,Mellow Man,mellow,ethereum,86,2024-11-11,2025-02-04,
melo,Melo,melo,ethereum,86,2024-11-11,2025-02-04,
melondog,Melon Dog,melon,solana,86,2024-11-11,2025-02-04,
memeanarchicnumismaticasset,Meme Anarchic Numismatic Asset,mana,solana,53,2024-12-14,2025-02-04,
memecoinmillionaire,Meme Coin Millionaire,$rich,solana,86,2024-11-11,2025-02-04,
memecoingirl,MemeCoinGirl,miko,ethereum,86,2024-11-11,2025-02-04,
memesai,Memes AI,memesai,solana,86,2024-11-11,2025-02-04,
metamonopoly,Meta Monopoly,monopoly,ethereum,86,2024-11-11,2025-02-04,
metformin,Metformin,met,solana,71,2024-11-26,2025-02-04,
miladywifhat,Milady Wif Hat,ladyf,solana,86,2024-11-11,2025-02-04,
mindzero,Mind Zero,mind,solana,62,2024-12-05,2025-02-04,
minetardai,MineTard AI,mtard,solana,67,2024-11-30,2025-02-04,
minidoge3,Minidoge,minidoge,solana,49,2024-12-18,2025-02-04,
mizuki,Mizuki,mizuki,solana,49,2024-12-18,2025-02-04,
monaarcane,Mona Arcane,mona,solana,55,2024-12-12,2025-02-04,
mongcoin,MongCoin,mong,ethereum,86,2024-11-11,2025-02-04,
monkeypox,Monkey Pox,pox,solana,86,2024-11-11,2025-02-04,
moonbag,MoonBag,mbag,ethereum,86,2024-11-11,2025-02-04,
moonscape2,MoonScape,moon,solana,86,2024-11-11,2025-02-04,
morud,Morud,morud,solana,86,2024-11-11,2025-02-04,
moth2,Moth,moth,solana,86,2024-11-11,2025-02-04,
motheriggy,Mother Iggy,mother,solana,76,2024-11-21,2025-02-04,
mrmayonnaisethecat,Mr Mayonnaise the Cat,mayo,solana,82,2024-11-15,2025-02-04,
muskit,Musk It,muskit,solana,54,2024-12-13,2025-02-04,
musmecoin,MusmeCoin,msm,ethereum,57,2024-12-10,2025-02-04,
myro,Myro,$myro,solana,33,2025-01-03,2025-02-04,
mystery2,Mystery,mystery,ethereum,53,2024-12-14,2025-02-04,
navalai,NAVAL AI,naval ai,solana,78,2024-11-19,2025-02-04,
ndx6900,NDX6900,ndx,solana,86,2024-11-11,2025-02-04,
npconsolana,NPC On Solana,npcs,solana,86,2024-11-11,2025-02-04,
nullmatrix,NULL MATRIX,,solana,86,2024-11-11,2025-02-04,
number,NUMBER,$number,ethereum,35,2025-01-01,2025-02-04,
nailong,Nailong,nailong,solana,86,2024-11-11,2025-02-04,
naitzsche,Naitzsche,nai,solana,49,2024-12-18,2025-02-04,
nakedjim,Naked Jim,$jim,solana,31,2025-01-05,2025-02-04,
nasdaq420,Nasdaq420,nasdaq420,ethereum,86,2024-11-11,2025-02-04,
neirei,Neirei,neirei,ethereum,86,2024-11-11,2025-02-03,
neiro,Neiro,neiro,solana,86,2024-11-11,2025-02-04,
neiro2,Neiro,neiro,solana,86,2024-11-11,2025-02-04,
neirooneth,Neiro on ETH,neiro,ethereum,57,2024-12-10,2025-02-04,
neroboss,Neroboss,neroboss,solana,54,2024-12-13,2025-02-04,
newbabyelephanthoustonzoo,New Baby Elephant Houston Zoo,kirby,solana,76,2024-11-21,2025-02-04,
newbornhaggispygmyhippo,New Born Haggis Pygmy Hippo,haggis,solana,86,2024-11-11,2025-02-04,
nightfury,Night Fury,fury,solana,45,2024-12-22,2025-02-04,
ninjasquad,Ninja Squad Token,nst,ethereum,69,2024-11-28,2025-02-04,
nomansland,No Mans Land,nml,solana,78,2024-11-19,2025-02-03,
no1tiktokcat,No1 tiktok cat,puff,solana,80,2024-11-16,2025-02-04,
noods,Noods,noods,solana,83,2024-11-15,2025-02-04,
noooomeme,Noooomeme,noooo,solana,86,2024-11-11,2025-02-04,
nothing4,Nothing,void,solana,61,2024-12-06,2025-02-04,
novaonmars,Nova on Mars,nova,solana,61,2024-12-06,2025-02-04,
numogram,Numogram,gnon,solana,86,2024-11-11,2025-02-04,
nutcoinmeme,NutCoin,nut,ethereum,62,2024-12-05,2025-02-04,
nya,Nya,nya,binance-smart-chain,86,2024-11-11,2025-02-04,
nyanmemecoin,Nyan Meme Coin,nyan,ethereum,79,2024-11-18,2025-02-04,
obot,OBOT,obot,solana,78,2024-11-19,2025-02-04,
ogsminem,OG SMINEM,ogsm,ethereum,86,2024-11-11,2025-02-04,
okane,OKANE,okane,solana,78,2024-11-19,2025-02-04,
opxlive,OPX LIVE,opxl,solana,46,2024-12-21,2025-02-04,
orbit3,ORBIT,grift,solana,54,2024-12-13,2025-02-04,
orc,ORC,orc,solana,86,2024-11-11,2025-02-04,
oscar,OSCAR,oscar,ethereum,86,2024-11-11,2025-02-04,
obipnutkenobi,Obi PNut Kenobi,opk,solana,85,2024-11-12,2025-02-04,
omega2,Omega,omega,solana,86,2024-11-11,2025-02-04,
omnicat,OmniCat,omni,ethereum,86,2024-11-11,2025-02-04,
optimusai,Optimus AI,opti,ethereum,86,2024-11-11,2025-02-04,
opus2,Opus,opus,solana,70,2024-11-27,2025-02-04,
thedogenft,Own The Doge,dog,ethereum,58,2024-12-09,2025-02-04,
pino,PINO,pino,solana,86,2024-11-11,2025-02-04,
ponk2,PONK,ponk,solana,84,2024-11-13,2025-02-04,
popdog,POPDOG,popdog,solana,86,2024-11-11,2025-02-04,
poupe,POUPE,poupe,solana,86,2024-11-11,2025-01-24,
powsche,POWSCHE,powsche,solana,67,2024-11-30,2025-02-04,
pump2,PUMP,pump,solana,78,2024-11-19,2025-02-04,
pupsordinals,PUPS (Ordinals) [OLD],pups,solana,86,2024-11-11,2025-02-04,
purplepepe,PURPLE PEPE,purpe,solana,60,2024-12-07,2025-02-04,
pajamascat,Pajamas Cat,pajamas,solana,86,2024-11-11,2025-02-04,
patriot,Patriot,patriot,ethereum,86,2024-11-11,2025-02-04,
peanut2,Peanut,peanut,ethereum,86,2024-11-11,2025-02-04,
peanut3,Peanut,pnut,ethereum,86,2024-11-11,2025-02-04,
peepoeth,Peepo,pepo,ethereum,86,2024-11-11,2025-02-04,
peipeicoinvip,PeiPei,peipei,ethereum,82,2024-11-15,2025-02-04,
peng,Peng,peng,solana,86,2024-11-11,2025-02-04,
pepe20,Pepe 2.0,pepe2.0,ethereum,70,2024-11-27,2025-02-04,
pepetrump,Pepe Trump,ptrump,solana,81,2024-11-15,2025-02-04,
pepesol,Pepe on SOL,pepe,solana,86,2024-11-11,2025-02-04,
pepethekingprawn,Pepe the King Prawn,prawn,solana,57,2024-12-10,2025-02-04,
pepefork,PepeFork,pork,ethereum,85,2024-11-12,2025-02-04,
pepoclown,Pepoclown,honk,ethereum,86,2024-11-11,2025-02-04,
pestothebabykingpenguin,Pesto the Baby King Penguin,pesto,solana,86,2024-11-11,2025-02-04,
petunia,Petunia,petunia,solana,86,2024-11-11,2025-02-04,
phil,Phil,phil,ethereum,86,2024-11-11,2025-02-04,
pigeontech,Pigeon Tech,govai,solana,86,2024-11-11,2025-02-04,
pikaboss,Pikaboss,pika,ethereum,86,2024-11-11,2025-02-04,
pillzumi,Pillzumi,pillzumi,solana,51,2024-12-16,2025-02-04,
pingdog,Ping Dog,ping,solana,86,2024-11-11,2025-02-04,
pisces,Pisces,pisces,solana,82,2024-11-15,2025-02-04,
planktoninpain,Plankton in Pain,aaahhm,solana,50,2024-12-17,2025-02-04,
pledge2,Pledge,pledge,ethereum,56,2024-12-11,2025-02-04,
pnutssister,Pnut's Sister,chloe,solana,83,2024-11-15,2025-02-04,
pnutsforsquirrel,Pnuts for squirrel,pnuts,binance-smart-chain,76,2024-11-21,2024-12-31,
pochita,Pochita,pochita,solana,86,2024-11-11,2025-02-04,
polydoge,PolyDoge,polydoge,polygon-pos,86,2024-11-11,2025-02-04,
poochi,Poo Chi,$sir,binance-smart-chain,86,2024-11-11,2025-01-30,
popo2,Popo,popo,solana,86,2024-11-11,2025-02-04,
popothefrog,Popo The Frog,frop,binance-smart-chain,86,2024-11-11,2025-02-04,
poppy,Poppy,poppy,solana,31,2025-01-05,2025-02-04,
praist,Praist,praist,solana,69,2024-11-28,2025-02-04,
presidentexe,President.exe,aimaga,solana,86,2024-11-11,2025-02-04,
principalsnetwork,Principals Network,pnet,solana,49,2024-12-18,2025-02-04,
projectaeon,Project Aeon,aeon,solana,78,2024-11-19,2025-02-04,
project89,Project89,project89,solana,86,2024-11-11,2025-02-04,
prophetofethereum,Prophet of Ethereum,prophet,ethereum,86,2024-11-11,2025-02-04,
puffy,Puffy,puffy,solana,86,2024-11-11,2025-02-04,
pundu,Pundu,pundu,solana,86,2024-11-11,2025-02-04,
qstar,QSTAR,q*,ethereum,86,2024-11-11,2025-02-04,
quantifyai,QuantifyAI,qgg,solana,53,2024-12-14,2025-02-04,
quasar3,Quasar,quasar,solana,70,2024-11-27,2025-02-04,
ratescape,RAT Escape,rat,solana,69,2024-11-28,2025-02-04,
retardio,RETARDIO,retardio,solana,44,2024-12-23,2025-02-04,
ribbit2,RIBBIT,rbt,solana,86,2024-11-11,2025-02-04,
riko,RIKO,riko,binance-smart-chain,86,2024-11-11,2025-02-04,
rnttoken,RNT,rnt,solana,76,2024-11-21,2025-02-04,
rock3,ROCK,rock,ethereum,86,2024-11-11,2025-02-04,
roflcopter,ROFLcopter,rofl,solana,68,2024-11-28,2025-02-04,
rawr,Rawr,xd,solana,86,2024-11-11,2025-02-04,
realsmurfcat,Real Smurf Cat,smurfcat,ethereum,86,2024-11-11,2025-02-04,
realworldai,Real World AI,rwa,solana,46,2024-12-21,2025-02-04,
realisworlds,Realis Worlds,realis,solana,54,2024-12-13,2025-02-04,
redgenesis,Red Genesis,$r3d,solana,35,2025-01-01,2025-02-04,
redsiberianhusky,Red Siberian Husky,kovu,solana,36,2024-12-31,2025-02-04,
reflectionsofdissonanceai,Reflections of Dissonance AI,aika,solana,77,2024-11-20,2025-02-04,
rekt4,Rekt,rekt,ethereum,71,2024-11-26,2025-02-04,
rex3,Rex,rex,solana,78,2024-11-19,2025-02-04,
rifampicin,Rifampicin,$rif,solana,56,2024-12-11,2025-02-04,
rizo,Rizo,rizo,ethereum,79,2024-11-18,2025-02-04,
rizzmas,Rizzmas,rizzmas,solana,69,2024-11-28,2025-02-04,
ogroaringkitty,Roaring Kitty,$roar,ethereum,86,2024-11-11,2025-02-04,
roastmaster9000,Roastmaster9000,rm9000,solana,64,2024-12-03,2025-02-04,
rockytherock,Rocky,rocky,solana,86,2024-11-11,2025-02-04,
ronnie,Ronnie,ronnie,solana,86,2024-11-11,2025-02-04,
ropirito,Ropirito,ropirito,solana,75,2024-11-22,2025-02-04,
runneroneth,Runner on ETH,runner,ethereum,84,2024-11-13,2025-02-04,
ruritruthterminalscrush,Ruri - Truth Terminal's Crush,ruri,solana,76,2024-11-21,2025-02-04,
ryujin,RyuJin,ryu,ethereum,86,2024-11-11,2025-02-04,
sadhamster,SAD HAMSTER,hammy,solana,86,2024-11-11,2025-02-04,
sadant,SADANT,sadant,solana,61,2024-12-06,2025-02-04,
santa2,SANTA,santa,solana,66,2024-12-01,2025-02-04,
santahat,SANTA HAT,santahat,solana,66,2024-12-01,2025-02-04,
sensus,SENSUS,sensus,solana,65,2024-12-02,2025-02-04,
shitcoin3,SHITCOIN,shitcoin,solana,46,2024-12-21,2025-02-04,
size,SIZE,size,solana,62,2024-12-05,2025-02-04,
skainet,SKAINET,skai,solana,62,2024-12-05,2025-02-04,
snapkero,SNAP,$nap,solana,86,2024-11-11,2025-02-04,
solcat,SOLCAT,solcat,solana,70,2024-11-27,2025-02-04,
spx690020,SPX6900 2.0,spx2.0,ethereum,86,2024-11-11,2025-02-04,
stars2,STARS,stars,ethereum,39,2024-12-28,2025-02-04,
strategicbitcoinreserve,STRATEGIC BITCOIN RESERVE,sbr,ethereum,86,2024-11-11,2025-02-04,
swaggy,SWAGGY,swaggy,solana,85,2024-11-12,2025-02-04,
saadboi,Saad Boi,saad,solana,39,2024-12-28,2025-02-04,
safukekgigafundz888,Safu & Kek Gigafundz 888,skg888,solana,84,2024-11-13,2025-02-04,
sageuniverse,Sage Universe,sage,solana,86,2024-11-11,2025-02-04,
sagittarius,Sagittarius,sagit,solana,76,2024-11-21,2025-02-04,
salvatormundi,Salvator Mundi,mundi,solana,63,2024-12-04,2025-02-04,
samoyedcoin,Samoyedcoin,samo,solana,86,2024-11-11,2025-02-04,
schizoterminal,Schizo Terminal,schizo,solana,47,2024-12-20,2025-02-04,
scorpio,Scorpio,scorpio,solana,80,2024-11-16,2025-02-04,
scratch3,Scratch,$scratch,ethereum,45,2024-12-22,2025-02-04,
screaminghyrax,Screaming Hyrax,$mama,solana,68,2024-11-29,2025-02-04,
sealsreadytocrackpengusice,Seals-Ready to Crack Pengu's Ice,seals,solana,44,2024-12-23,2025-02-04,
selfiedogcoin,SelfieDogCoin,selfie,solana,85,2024-11-12,2025-02-04,
send2,Send,send,solana,79,2024-11-18,2025-02-04,
sendor,Sendor,sendor,solana,73,2024-11-24,2025-02-04,
sentientai,Sentient AI,setai,binance-smart-chain,32,2025-01-04,2025-02-04,
sharbi,Sharbi,$sharbi,solana,86,2024-11-11,2025-02-04,
sharkcat,Shark Cat,sc,solana,86,2024-11-11,2025-02-04,
sharki,Sharki,sharki,solana,86,2024-11-11,2025-02-04,
sherises,She Rises,aka,solana,39,2024-12-28,2025-02-04,
shibaclassic2,Shiba Classic,shibc,ethereum,78,2024-11-19,2025-02-04,
shibapredator,Shiba Predator,qom,ethereum,86,2024-11-11,2025-02-04,
shibawing,Shiba Wing,wing,ethereum,86,2024-11-11,2025-02-04,
shibashootout,Shibashootout,$shibashoot,ethereum,71,2024-11-26,2025-02-04,
shibwifhatcoin,Shibwifhatcoin,shib,solana,86,2024-11-11,2025-02-04,
shifu,Shifu,shifu,ethereum,42,2024-12-25,2025-02-04,
shinainu,Shina Inu,shi,ethereum,86,2024-11-11,2025-02-04,
shoggoth,Shoggoth,shoggoth,solana,86,2024-11-11,2025-02-04,
shrub,Shrub,shrub,ethereum,70,2024-11-27,2025-02-04,
shrub2,Shrub,$shrub,solana,86,2024-11-11,2025-02-04,
sigma,Sigma,sigma,solana,72,2024-11-25,2025-02-04,
sillydragon,Silly Dragon,silly,solana,86,2024-11-11,2025-02-04,
sillynubcat,Sillynubcat,nub,solana,86,2024-11-11,2025-02-04,
simmitoken,Simmi Token,simmi,solana,61,2024-12-13,2025-02-04,
simsai,SimsAI,simsai,solana,41,2024-12-26,2025-02-04,
singularry,Singularry,singularry,solana,57,2024-12-10,2025-02-04,
skibiditoilet2,Skibidi Toilet,skbdi,solana,80,2024-11-16,2025-02-04,
slop,Slop,slop,solana,86,2024-11-11,2025-02-04,
slopfather,Slopfather,fatha,solana,50,2024-12-17,2025-02-04,
slothana,Slothana,sloth,solana,86,2024-11-11,2025-02-04,
eyeearn,Smilek,smilek,solana,86,2024-11-11,2025-02-04,
smilingdolphin,Smiling Dolphin,miharu,solana,85,2024-11-12,2025-02-04,
smokingchickenfish,Smoking Chicken Fish,scf,solana,79,2024-11-18,2025-02-04,
snakewifhat,Snake wif Hat,sssss,solana,76,2024-11-21,2025-02-04,
sofacat,SofaCat,sofac,solana,82,2024-11-15,2025-02-04,
solama,Solama,solama,solana,86,2024-11-11,2025-02-04,
solarisai,Solaris AI,solaris,solana,82,2024-11-15,2025-02-04,
solchat,Solchat,chat,solana,86,2024-11-11,2025-02-04,
solnic,Solnic,solnic,solana,86,2024-11-11,2025-02-04,
speedy2,Speedy,speedy,ethereum,86,2024-11-11,2025-02-04,
spikeoneth,Spike,spike,ethereum,86,2024-11-11,2025-02-04,
spinningcat,Spinning Cat,oiiaoiia,solana,76,2024-11-21,2025-02-04,
splashdog,Splash Dog,buster,solana,59,2024-12-08,2025-02-04,
spunkysdx,SpunkySDX,ssdx,arbitrum-one,57,2024-12-10,2025-02-04,
squidgrow2,SquidGrow,sqgrow,ethereum,86,2024-11-11,2025-02-04,
stardoge,StarDOGE,stardoge,binance-smart-chain,69,2024-11-28,2025-02-04,
starecat,StareCat,helia,solana,83,2024-11-15,2025-02-04,
stashinu,Stash Inu,stash,solana,86,2024-11-11,2025-02-04,
stick,Stick,stick,avalanche,73,2024-11-24,2025-02-04,
stonks4,Stonks,stnk,solana,43,2024-12-24,2025-02-04,
sbrsol,Strategic Bitcoin Reserve,sbr,solana,78,2024-11-19,2025-02-04,
strategichubforinnovationinblockchain,Strategic Hub for Innovation in Blockchain,shib,ethereum,84,2024-11-13,2025-02-04,
styrosteve,Styro Steve,ss,solana,45,2024-12-22,2025-02-04,
successkid,Success Kid,skid,solana,86,2024-11-11,2025-02-04,
supertrump,Super Trump,strump,ethereum,86,2024-11-11,2025-02-04,
swarm2,Swarm,swarm,solana,78,2024-11-19,2025-02-04,
swarmnodeai,SwarmNode.ai,snai,solana,44,2024-12-23,2025-02-04,
taoinu,TAO INU,taonu,ethereum,86,2024-11-11,2025-02-04,
tehepikduck,TEH EPIK DUCK,epik,solana,86,2024-11-11,2025-02-04,
toco,TOCO,toco,solana,48,2024-12-19,2025-02-04,
toga,TOGA,toga,solana,86,2024-11-11,2025-02-04,
topprotocol,TOP PROTOCOL,top,binance-smart-chain,85,2024-11-12,2025-02-04,
torsy,TORSY,torsy,solana,86,2024-11-11,2025-02-04,
tsuba,TSUBA,tsuba,solana,37,2024-12-30,2025-02-04,
tabman,TabMan,tab,solana,86,2024-11-11,2025-02-04,
tateterminal,Tate Terminal,tate,solana,86,2024-11-11,2025-02-04,
taurus2,Taurus,taurus,solana,76,2024-11-21,2025-02-04,
tema,Tema,tema,solana,68,2024-11-29,2025-02-04,
tensorium,Tensorium,tnsr,solana,70,2024-12-01,2025-02-04,
terminus2,Terminus,terminus,ethereum,86,2024-11-11,2025-02-04,
terminus3,Terminus,terminus,ethereum,86,2024-11-11,2025-02-04,
terryinthetrenches,Terry In The Trenches,terry,solana,70,2024-11-27,2025-02-04,
tetsuocoin,Tetsuo Coin,tetsuo,solana,46,2024-12-21,2025-02-04,
thalesai,Thales AI,thales,solana,53,2024-12-14,2025-02-04,
theanthropicorder,The Anthropic Order,tao,solana,62,2024-12-05,2025-02-04,
thebalkandwarf,The Balkan Dwarf,$kekec,ethereum,86,2024-11-11,2025-02-04,
theblinkingaicatcatfather,The Blinking AI Cat - Catfather,catf,solana,30,2025-01-06,2025-02-04,
thelastplay,The Last Play,retire,solana,86,2024-11-11,2025-02-04,
thelokiecabal,The Lokie Cabal,cabal,solana,62,2024-12-05,2025-02-03,
thenuttingprofessor,The Nutting Professor,pronut,solana,48,2024-12-19,2025-02-04,
therugcoon,The RugCoon,rugga,solana,86,2024-11-11,2025-02-04,
thesocietylibrary,The Society Library,sl,solana,75,2024-11-22,2025-02-04,
thetickeriseth,The Ticker Is ETH,eth,solana,86,2024-11-11,2025-02-04,
thecat,TheCat,thecat,solana,86,2024-11-11,2025-02-04,
toadsol,Toad (SOL),$toad,solana,86,2024-11-11,2025-02-04,
toadkiller,Toad Killer,$toad,ethereum,86,2024-11-11,2025-02-04,
toki2,Toki,toki,ethereum,45,2024-12-22,2025-02-04,
tomocat,Tomo Cat,tomo,ethereum,64,2024-12-03,2025-02-04,
tophat,Top Hat,hat,solana,84,2024-11-13,2025-02-04,
torithecat,Tori the Cat,tori,solana,86,2024-11-11,2025-02-03,
trackedbio,TrackedBio,trackedbio,solana,70,2024-11-27,2025-02-04,
trenchai,TrenchAI,trenchai,solana,42,2024-12-25,2025-02-04,
trisigma,Tri Sigma,trisig,solana,65,2024-12-02,2025-02-04,
trog,Trog,trog,ethereum,47,2024-12-20,2025-02-04,
troll,Troll,troll,ethereum,86,2024-11-11,2025-02-04,
trumpderangementsyndrome,Trump Derangement Syndrome,tds,solana,85,2024-11-12,2025-02-04,
trumpshuffle,Trump Shuffle,shuffle,solana,76,2024-11-21,2025-02-04,
trumpiusmaximus,Trumpius Maximus,trumpius,ethereum,32,2025-01-04,2025-02-04,
trusttheprocess,Trust The Process,trust,solana,50,2024-12-17,2025-02-04,
tsotchke,Tsotchke,tsotchke,solana,46,2024-12-21,2025-02-04,
unfk,UNFK,$unfk,solana,77,2024-11-20,2025-02-04,
uglydog,Ugly Dog,uglydog,solana,54,2024-12-13,2025-02-04,
unicornfartdust,Unicorn Fart Dust,ufd,solana,33,2025-01-03,2025-02-04,
universalbasiccompute,Universal Basic Compute,ubc,solana,68,2024-11-29,2025-02-04,
universaloperatingsystem,Universal Operating System,$uos,solana,34,2025-01-02,2025-02-04,
upgrates,Upgrates,upg,solana,78,2024-11-19,2025-02-04,
uranus3,Uranus,urs,solana,86,2024-11-11,2025-02-04,
urolithina,Urolithin A,$uro,solana,76,2024-11-21,2025-02-04,
venko,VENKO,$venko,solana,86,2024-11-11,2025-02-04,
valhallaindex,Valhalla Index,odin,ethereum,86,2024-11-11,2025-02-04,
vaticanmascot,Vatican Mascot,luce,ethereum,83,2024-11-15,2025-02-03,
vaultterminal,Vault Terminal,vault,solana,77,2024-11-20,2025-02-04,
vibecat2,Vibe Cat,vibe,solana,77,2024-11-20,2025-02-04,
vibingcat,Vibing Cat,vcat,solana,86,2024-11-11,2025-02-04,
virgo2,Virgo,virgo,solana,81,2024-11-15,2025-02-04,
vitai,VitAI,vitai,arbitrum-one,61,2024-12-06,2025-02-04,
vitainu,Vita Inu,vinu,binance-smart-chain,86,2024-11-11,2025-02-04,
voiceartificial,Voice Artificial,var,solana,33,2025-01-03,2025-02-04,
voltinu2,Volt Inu,volt,ethereum,86,2024-11-11,2025-02-04,
voyagerai,Voyager AI,voyage,solana,54,2024-12-13,2025-02-04,
wassie,WASSIE,wassie,ethereum,86,2024-11-11,2025-02-04,
watercoin,WATER Coin,water,solana,86,2024-11-11,2025-02-04,
wawacat,WAWA CAT,wawa,solana,86,2024-11-11,2025-02-04,
whiskey,WHISKEY,whiskey,solana,86,2024-11-11,2025-02-04,
why,WHY,why,binance-smart-chain,86,2024-11-11,2025-02-04,
wooftoken,WOOF,woof,solana,72,2024-11-25,2025-02-04,
work,WORK,work,solana,53,2024-12-14,2025-02-04,
wuffi,WUFFI,wuf,solana,49,2024-12-18,2025-02-04,
waffles,Waffles,waffles,solana,86,2024-11-11,2025-02-04,
wallstreetmemes,Wall Street Memes,wsm,binance-smart-chain,86,2024-11-11,2025-02-04,
wally,Wally,wally,solana,84,2024-11-13,2025-02-04,
walterdogsolana,Walter,walter,solana,85,2024-11-12,2025-02-04,
wat,Wat,wat,ethereum,42,2024-12-25,2025-02-04,
weirdmedievalmemes,Weird Medieval Memes,wmm,solana,70,2024-11-27,2025-02-04,
wen4,Wen,wen,solana,34,2025-01-02,2025-02-04,
whatsupdog,What’s Updog?,$updog,solana,86,2024-11-11,2025-02-04,
whinecoin,Whine Coin,whine,solana,70,2024-11-27,2025-02-04,
whyyoutouzhele,Whyyoutouzhele,li,solana,33,2025-01-03,2025-02-04,
wibwob,WibWob,wibwob,solana,78,2024-11-19,2025-02-04,
wicked,Wicked,wicked,ethereum,86,2024-11-11,2025-02-04,
wifejak,Wifejak,wife,solana,77,2024-11-20,2025-02-04,
wildgoatcoin2,Wild Goat Coin,wgc,solana,78,2024-11-19,2025-02-04,
winniethepoodle,Winnie the Poodle,winnie,solana,86,2024-11-11,2025-02-04,
winterarc,Winter Arc,winter,solana,76,2024-11-21,2025-02-04,
wojak,Wojak,wojak,ethereum,41,2024-12-26,2025-02-04,
wolfofwallstreet,Wolf of Wall Street,$wolf,ethereum,86,2024-11-11,2025-02-04,
womanyellingatcat,Woman Yelling At Cat,wyac,solana,86,2024-11-11,2025-02-04,
wrappedayeayecoin,Wrapped AyeAyeCoin,waac,ethereum,86,2024-11-11,2025-02-04,
wrappeddog,Wrapped DOG,wdog,solana,86,2024-11-11,2025-02-04,
xcommunity,X Community,x,solana,40,2024-12-27,2025-02-04,
xenopuslaevis,Xenopus laevis,xeno,solana,49,2024-12-18,2025-02-04,
xingxing,Xing Xing,xing,solana,76,2024-11-21,2025-02-04,
yowie,YOWIE,yowie,solana,82,2024-11-15,2025-02-03,
yawnsworld,Yawn's World,yawn,ethereum,86,2024-11-11,2025-02-04,
yellowpepe,Yellow Pepe,yelpe,solana,65,2024-12-02,2025-02-04,
yeschad,Yes Chad,yes,ethereum,78,2024-11-19,2025-02-04,
yousim,YouSim,yousim,solana,70,2024-11-27,2025-02-04,
zaraai,ZARA AI,zara,solana,40,2024-12-27,2025-02-04,
zeus3,ZEUS,zeus,solana,33,2025-01-03,2025-02-04,
zoaai,ZOA AI,zoa,solana,75,2024-11-22,2025-02-04,
zods,ZODs,zods,solana,46,2024-12-21,2025-02-04,
zackmorris,Zack Morris,zack,solana,86,2024-11-11,2025-02-04,
zazu2,Zazu,zazu,solana,86,2024-11-11,2025-02-04,
zenith3,Zenith,zen,solana,60,2024-12-07,2025-02-04,
zerebrotokenoftransformation,Zerebro Token Of Transformation,gaycoin,solana,40,2024-12-27,2025-02-04,
zoomer,Zoomer,zoomer,ethereum,86,2024-11-11,2025-02-04,
zoomersol,Zoomer,zoomer,solana,86,2024-11-11,2025-02-04,
zyncoin2,ZynCoin,zyn,ethereum,86,2024-11-11,2025-02-04,
achi,achi,achi,solana,79,2024-11-18,2025-02-04,
ai16z,ai16z,ai16z,solana,86,2024-11-11,2025-02-04,
ai16zeliza,ai16zeliza,eliza,solana,46,2024-12-21,2025-02-04,
analos,analoS,analos,solana,86,2024-11-11,2025-02-04,
auraonsol,aura,aura,solana,86,2024-11-11,2025-02-04,
autism2,autism,autism,solana,86,2024-11-11,2025-02-04,
believeinsomething2,believe in something,dtf,solana,83,2024-11-15,2025-02-04,
blinkdotfun,blinkdotfun,blink,solana,48,2024-12-19,2025-02-04,
brainrot,brainrot,rot,solana,86,2024-11-11,2025-02-04,
catgirl,cat girl,catgf,solana,86,2024-11-11,2025-02-04,
catownkimono,catownkimono,cok,solana,86,2024-11-11,2025-02-04,
catwifbag,catwifbag,bag,solana,86,2024-11-11,2025-02-04,
catwifhat2,catwifhat,$cwif,solana,86,2024-11-11,2025-02-04,
chaosanddisorder,chaos and disorder,chaos,solana,70,2024-11-27,2025-02-04,
coby,coby,coby,solana,86,2024-11-11,2025-02-04,
crowwithknife,crow with knife,caw,polygon-pos,84,2024-11-13,2025-02-04,
dancingtriangle2,dancing triangle,triangle,ethereum,86,2024-11-11,2025-02-04,
darksun,darksun,binary,solana,57,2024-12-10,2025-02-04,
dogwithappleinmouth,dog with apple in mouth,apple,solana,54,2024-12-13,2025-02-04,
dogecast2,dogecast,dogecast,solana,74,2024-11-23,2025-02-04,
doginthpool,doginthpool,dip,solana,86,2024-11-11,2025-02-04,
earl,earl,earl,solana,86,2024-11-11,2025-02-04,
elgato,el gato,elgato,solana,86,2024-11-11,2025-02-04,
firstreply,first reply,sirius,solana,86,2024-11-11,2025-02-04,
fug2,fug,fug,solana,83,2024-11-15,2025-02-04,
gemxbt,gemxbt,gemxbt,solana,50,2024-12-17,2025-02-04,
h2w6gm6jz,h2w6gm6jz,h2w6gm6jz,solana,46,2024-12-21,2025-02-04,
hehecat,hehe,hehe,solana,86,2024-11-11,2025-02-04,
iiiilovvvyouuuu,iiii lovvvv youuuu,ily,solana,86,2024-11-11,2025-02-04,
imnotwrongimearly,imnotwrongimearly,early,solana,78,2024-11-19,2025-02-04,
infinitebackrooms,infinite backrooms,ib,solana,86,2024-11-11,2025-02-04,
jamcat,jam cat,jam,solana,83,2024-11-15,2025-02-04,
justbuy1worthofthiscoin,just buy $1 worth of this coin,$1,solana,68,2024-11-29,2025-02-04,
khaokheowzoo,khaokheowzoo,kheowzoo,solana,68,2024-11-29,2025-02-04,
kwantxbt,kwantxbt,kwant,solana,53,2024-12-14,2025-02-04,
lifedog,lifedog,lfdog,ethereum,62,2024-12-05,2025-02-04,
littlemanyu,littlemanyu,manyu,solana,86,2024-11-11,2025-02-04,
lmeow2,lmeow,lmeow,ethereum,86,2024-11-11,2025-02-04,
loner,loner,loner,solana,54,2024-12-13,2025-02-04,
markkacy,markkacy,kacy,solana,73,2024-11-24,2025-02-04,
meowmeowmeowmeow,meow meow meow meow,meow,solana,50,2024-12-17,2025-02-04,
michicoin,michi,$michi,solana,35,2025-01-01,2025-02-04,
minimini,mini,mini,solana,84,2024-11-13,2025-02-04,
monkeysolinu,monkey sol inu,msi,solana,45,2024-12-22,2025-02-04,
monkeyhaircut,monkeyhaircut,monk,solana,86,2024-11-11,2025-02-04,
neversol,neversol,never,solana,86,2024-11-11,2025-02-04,
nomnom,nomnom,nomnom,solana,86,2024-11-11,2025-02-04,
oneunchillgal,one unchill gal,gal,solana,70,2024-11-27,2025-02-04,
peanie,peanie,peanie,solana,86,2024-11-11,2025-02-04,
pepeinamemesworld,pepe in a memes world,pew,ethereum,81,2024-11-15,2025-02-04,
pepeai2,pepeAI,pepeai,solana,74,2024-11-23,2025-02-04,
pippin,pippin,pippin,solana,79,2024-11-18,2025-02-04,
rsnoofi,r/snoofi,r/snoofi,solana,86,2024-11-11,2025-02-04,
real2,real.,real,solana,86,2024-11-11,2025-02-04,
scihub,sci-hub,scihub,solana,76,2024-11-21,2025-02-04,
sqrfund,sqrFUND,sqr,solana,50,2024-12-17,2025-02-04,
staringrobot,staring robot,sonny,solana,85,2024-11-12,2025-02-04,
supercyclereal,supercycle(real),supercycle,solana,86,2024-11-11,2025-02-04,
suwi,suwi,suwi,solana,86,2024-11-11,2025-02-04,
thesoldog,the Soldog,laika,solana,86,2024-11-11,2025-02-04,
theydontloveyoulikeiloveyou,theydontloveyoulikeiloveyou,wait,solana,76,2024-11-21,2025-02-04,
tobi,tobi,tobi,solana,86,2024-11-11,2025-02-04,
todd,todd,todd,solana,85,2024-11-12,2025-02-04,
tookerkurlson,tooker kurlson,tooker,solana,86,2024-11-11,2025-02-04,
tuki,tuki,tuki,solana,86,2024-11-11,2025-02-04,
upsidedowncat2,upsidedowncat,usdcat,solana,83,2024-11-15,2025-02-04,
waterbear,waterbear,waterbear,solana,74,2024-11-23,2025-02-04,
would,would,would,solana,61,2024-12-06,2025-02-04,
yap,yap,yap,solana,86,2024-11-11,2025-02-04,
yne,yesnoerror,yne,solana,33,2025-01-03,2025-02-04,
