sheet_name,column,imputed_values
1guy,twitter_sentiments,54
1guy,reddit_sentiment,80
1guy,telegram_sentiment,79
1squirrel,twitter_sentiments,59
1squirrel,reddit_sentiment,63
1squirrel,telegram_sentiment,70
360noscope420blazeit,twitter_sentiments,15
360noscope420blazeit,reddit_sentiment,84
360noscope420blazeit,telegram_sentiment,83
5,twitter_sentiments,6
5,reddit_sentiment,52
5,telegram_sentiment,76
6,twitter_sentiments,39
6,reddit_sentiment,55
6,telegram_sentiment,55
888token,twitter_sentiments,1
888token,reddit_sentiment,84
888token,telegram_sentiment,47
abi,twitter_sentiments,0
abi,reddit_sentiment,66
abi,telegram_sentiment,48
achi,twitter_sentiments,39
achi,reddit_sentiment,78
achi,telegram_sentiment,78
acidtoad,twitter_sentiments,0
acidtoad,reddit_sentiment,21
acidtoad,telegram_sentiment,20
adillo,twitter_sentiments,6
adillo,reddit_sentiment,43
adillo,telegram_sentiment,43
agentaigo,twitter_sentiments,0
agentaigo,reddit_sentiment,46
agentaigo,telegram_sentiment,27
agenttank,twitter_sentiments,17
agenttank,reddit_sentiment,53
agenttank,telegram_sentiment,47
ai16z,twitter_sentiments,73
ai16z,reddit_sentiment,85
ai16z,telegram_sentiment,85
ai16zeliza,twitter_sentiments,0
ai16zeliza,reddit_sentiment,46
ai16zeliza,telegram_sentiment,46
aicrystalnode,twitter_sentiments,17
aicrystalnode,reddit_sentiment,85
aicrystalnode,telegram_sentiment,84
aiinu,twitter_sentiments,1
aiinu,reddit_sentiment,84
aiinu,telegram_sentiment,84
aimerica,twitter_sentiments,1
aimerica,reddit_sentiment,45
aimerica,telegram_sentiment,45
aimonicabrands,twitter_sentiments,5
aimonicabrands,reddit_sentiment,56
aimonicabrands,telegram_sentiment,56
aishellnova,twitter_sentiments,0
aishellnova,reddit_sentiment,36
aishellnova,telegram_sentiment,36
aitraderagent,twitter_sentiments,0
aitraderagent,reddit_sentiment,33
aitraderagent,telegram_sentiment,21
aiwarpertoken,twitter_sentiments,6
aiwarpertoken,reddit_sentiment,69
aiwarpertoken,telegram_sentiment,2
aiwithdaddyissues,twitter_sentiments,2
aiwithdaddyissues,reddit_sentiment,85
aiwithdaddyissues,telegram_sentiment,85
akiprotocol,twitter_sentiments,32
akiprotocol,reddit_sentiment,85
akiprotocol,telegram_sentiment,2
akitabsc,twitter_sentiments,4
akitabsc,reddit_sentiment,43
akitabsc,telegram_sentiment,43
alaska,twitter_sentiments,54
alaska,reddit_sentiment,3
alaska,telegram_sentiment,73
alchemistai,twitter_sentiments,0
alchemistai,reddit_sentiment,62
alchemistai,telegram_sentiment,62
alp,twitter_sentiments,10
alp,reddit_sentiment,81
alp,telegram_sentiment,81
alpaca2,twitter_sentiments,69
alpaca2,reddit_sentiment,38
alpaca2,telegram_sentiment,77
alpha3,twitter_sentiments,67
alpha3,reddit_sentiment,81
alpha3,telegram_sentiment,79
amaterasuomikami,twitter_sentiments,8
amaterasuomikami,reddit_sentiment,85
amaterasuomikami,telegram_sentiment,21
americancoin,twitter_sentiments,4
americancoin,reddit_sentiment,85
americancoin,telegram_sentiment,85
americapac,twitter_sentiments,82
americapac,reddit_sentiment,82
americapac,telegram_sentiment,82
analos,twitter_sentiments,85
analos,reddit_sentiment,85
analos,telegram_sentiment,0
andy70b,twitter_sentiments,12
andy70b,reddit_sentiment,45
andy70b,telegram_sentiment,45
andyman,twitter_sentiments,1
andyman,reddit_sentiment,82
andyman,telegram_sentiment,81
anitamaxwynn,twitter_sentiments,14
anitamaxwynn,reddit_sentiment,77
anitamaxwynn,telegram_sentiment,81
antitoken,twitter_sentiments,8
antitoken,reddit_sentiment,33
antitoken,telegram_sentiment,33
anyinu,twitter_sentiments,1
anyinu,reddit_sentiment,85
anyinu,telegram_sentiment,85
aped,twitter_sentiments,12
aped,reddit_sentiment,31
aped,telegram_sentiment,71
aquarius2,twitter_sentiments,3
aquarius2,reddit_sentiment,41
aquarius2,telegram_sentiment,0
aquathecoin,twitter_sentiments,6
aquathecoin,reddit_sentiment,82
aquathecoin,telegram_sentiment,82
arbdogeai,twitter_sentiments,0
arbdogeai,reddit_sentiment,0
arbdogeai,telegram_sentiment,0
arbidoge,twitter_sentiments,80
arbidoge,reddit_sentiment,80
arbidoge,telegram_sentiment,79
aries,twitter_sentiments,3
aries,reddit_sentiment,75
aries,telegram_sentiment,0
ariethesealion,twitter_sentiments,66
ariethesealion,reddit_sentiment,77
ariethesealion,telegram_sentiment,77
astheria,twitter_sentiments,35
astheria,reddit_sentiment,45
astheria,telegram_sentiment,31
astropepex,twitter_sentiments,4
astropepex,reddit_sentiment,85
astropepex,telegram_sentiment,35
auraonsol,twitter_sentiments,18
auraonsol,reddit_sentiment,84
auraonsol,telegram_sentiment,84
auroraterminal,twitter_sentiments,24
auroraterminal,reddit_sentiment,77
auroraterminal,telegram_sentiment,77
autism2,twitter_sentiments,80
autism2,reddit_sentiment,82
autism2,telegram_sentiment,85
autonomousvirtualbeings,twitter_sentiments,17
autonomousvirtualbeings,reddit_sentiment,85
autonomousvirtualbeings,telegram_sentiment,84
avaai,twitter_sentiments,0
avaai,reddit_sentiment,69
avaai,telegram_sentiment,69
avachiangmainightsafariava,twitter_sentiments,5
avachiangmainightsafariava,reddit_sentiment,70
avachiangmainightsafariava,telegram_sentiment,70
avaxhasnochill,twitter_sentiments,12
avaxhasnochill,reddit_sentiment,85
avaxhasnochill,telegram_sentiment,85
avocato,twitter_sentiments,2
avocato,reddit_sentiment,71
avocato,telegram_sentiment,77
axi,twitter_sentiments,46
axi,reddit_sentiment,30
axi,telegram_sentiment,46
babybitcoin2,twitter_sentiments,33
babybitcoin2,reddit_sentiment,81
babybitcoin2,telegram_sentiment,81
babybnb,twitter_sentiments,28
babybnb,reddit_sentiment,85
babybnb,telegram_sentiment,85
babybonk,twitter_sentiments,0
babybonk,reddit_sentiment,0
babybonk,telegram_sentiment,0
babydragonx,twitter_sentiments,80
babydragonx,reddit_sentiment,80
babydragonx,telegram_sentiment,3
babygrok,twitter_sentiments,0
babygrok,reddit_sentiment,0
babygrok,telegram_sentiment,0
babyneiro2,twitter_sentiments,0
babyneiro2,reddit_sentiment,0
babyneiro2,telegram_sentiment,0
babyneirotoken,twitter_sentiments,84
babyneirotoken,reddit_sentiment,84
babyneirotoken,telegram_sentiment,84
babypepe3,twitter_sentiments,0
babypepe3,reddit_sentiment,45
babypepe3,telegram_sentiment,20
babypnut2,twitter_sentiments,0
babypnut2,reddit_sentiment,1
babypnut2,telegram_sentiment,1
babyshironeko,twitter_sentiments,62
babyshironeko,reddit_sentiment,64
babyshironeko,telegram_sentiment,64
babywen,twitter_sentiments,14
babywen,reddit_sentiment,85
babywen,telegram_sentiment,1
badcatsol,twitter_sentiments,3
badcatsol,reddit_sentiment,77
badcatsol,telegram_sentiment,76
badideaai,twitter_sentiments,85
badideaai,reddit_sentiment,85
badideaai,telegram_sentiment,85
ballsoffate,twitter_sentiments,13
ballsoffate,reddit_sentiment,77
ballsoffate,telegram_sentiment,83
bananacat,twitter_sentiments,16
bananacat,reddit_sentiment,84
bananacat,telegram_sentiment,84
bananaforscale,twitter_sentiments,55
bananaforscale,reddit_sentiment,70
bananaforscale,telegram_sentiment,4
bananaforscale2,twitter_sentiments,6
bananaforscale2,reddit_sentiment,61
bananaforscale2,telegram_sentiment,21
bananatapewall,twitter_sentiments,10
bananatapewall,reddit_sentiment,85
bananatapewall,telegram_sentiment,85
barbiecrashbandicootrfk88,twitter_sentiments,0
barbiecrashbandicootrfk88,reddit_sentiment,0
barbiecrashbandicootrfk88,telegram_sentiment,0
based,twitter_sentiments,7
based,reddit_sentiment,83
based,telegram_sentiment,83
basktfun,twitter_sentiments,20
basktfun,reddit_sentiment,73
basktfun,telegram_sentiment,73
beercoin2,twitter_sentiments,85
beercoin2,reddit_sentiment,85
beercoin2,telegram_sentiment,85
believeinsomething,twitter_sentiments,1
believeinsomething,reddit_sentiment,83
believeinsomething,telegram_sentiment,83
believeinsomething2,twitter_sentiments,5
believeinsomething2,reddit_sentiment,81
believeinsomething2,telegram_sentiment,24
belikeblob,twitter_sentiments,8
belikeblob,reddit_sentiment,75
belikeblob,telegram_sentiment,75
benthedog,twitter_sentiments,85
benthedog,reddit_sentiment,75
benthedog,telegram_sentiment,85
bertramthepomeranian,twitter_sentiments,3
bertramthepomeranian,reddit_sentiment,82
bertramthepomeranian,telegram_sentiment,82
beth,twitter_sentiments,0
beth,reddit_sentiment,40
beth,telegram_sentiment,40
betmore,twitter_sentiments,8
betmore,reddit_sentiment,25
betmore,telegram_sentiment,83
biaoonsol,twitter_sentiments,13
biaoonsol,reddit_sentiment,62
biaoonsol,telegram_sentiment,62
biaoqing,twitter_sentiments,84
biaoqing,reddit_sentiment,84
biaoqing,telegram_sentiment,84
big,twitter_sentiments,6
big,reddit_sentiment,14
big,telegram_sentiment,6
bigcheungus,twitter_sentiments,27
bigcheungus,reddit_sentiment,74
bigcheungus,telegram_sentiment,19
bigdogfink,twitter_sentiments,18
bigdogfink,reddit_sentiment,78
bigdogfink,telegram_sentiment,78
bigjim,twitter_sentiments,0
bigjim,reddit_sentiment,37
bigjim,telegram_sentiment,39
bigpharmai,twitter_sentiments,3
bigpharmai,reddit_sentiment,49
bigpharmai,telegram_sentiment,49
billiondollarcatrunes,twitter_sentiments,46
billiondollarcatrunes,reddit_sentiment,46
billiondollarcatrunes,telegram_sentiment,46
billy,twitter_sentiments,70
billy,reddit_sentiment,0
billy,telegram_sentiment,85
bingusthecat,twitter_sentiments,13
bingusthecat,reddit_sentiment,85
bingusthecat,telegram_sentiment,85
birddog,twitter_sentiments,8
birddog,reddit_sentiment,82
birddog,telegram_sentiment,64
bitbonk,twitter_sentiments,8
bitbonk,reddit_sentiment,83
bitbonk,telegram_sentiment,79
bitcat2,twitter_sentiments,6
bitcat2,reddit_sentiment,85
bitcat2,telegram_sentiment,85
bitcat3,twitter_sentiments,9
bitcat3,reddit_sentiment,78
bitcat3,telegram_sentiment,77
bitcoinact,twitter_sentiments,9
bitcoinact,reddit_sentiment,78
bitcoinact,telegram_sentiment,78
blackagnus,twitter_sentiments,63
blackagnus,reddit_sentiment,63
blackagnus,telegram_sentiment,63
blackunicorncorp,twitter_sentiments,0
blackunicorncorp,reddit_sentiment,33
blackunicorncorp,telegram_sentiment,3
blinkdotfun,twitter_sentiments,11
blinkdotfun,reddit_sentiment,48
blinkdotfun,telegram_sentiment,48
blinksgg,twitter_sentiments,9
blinksgg,reddit_sentiment,84
blinksgg,telegram_sentiment,84
blk2100,twitter_sentiments,56
blk2100,reddit_sentiment,72
blk2100,telegram_sentiment,70
blobanapet,twitter_sentiments,40
blobanapet,reddit_sentiment,75
blobanapet,telegram_sentiment,75
bloomspergterminal,twitter_sentiments,21
bloomspergterminal,reddit_sentiment,75
bloomspergterminal,telegram_sentiment,75
bobacat,twitter_sentiments,4
bobacat,reddit_sentiment,84
bobacat,telegram_sentiment,84
bobaoppa,twitter_sentiments,6
bobaoppa,reddit_sentiment,85
bobaoppa,telegram_sentiment,85
boblles,twitter_sentiments,6
boblles,reddit_sentiment,65
boblles,telegram_sentiment,65
bobocoin,twitter_sentiments,4
bobocoin,reddit_sentiment,38
bobocoin,telegram_sentiment,38
bobthesnek,twitter_sentiments,0
bobthesnek,reddit_sentiment,82
bobthesnek,telegram_sentiment,82
bobtoken,twitter_sentiments,3
bobtoken,reddit_sentiment,85
bobtoken,telegram_sentiment,85
bog,twitter_sentiments,0
bog,reddit_sentiment,12
bog,telegram_sentiment,13
bogus,twitter_sentiments,16
bogus,reddit_sentiment,79
bogus,telegram_sentiment,79
bongocat,twitter_sentiments,5
bongocat,reddit_sentiment,85
bongocat,telegram_sentiment,85
bonsaitoken,twitter_sentiments,23
bonsaitoken,reddit_sentiment,73
bonsaitoken,telegram_sentiment,73
booji,twitter_sentiments,28
booji,reddit_sentiment,39
booji,telegram_sentiment,22
boop2,twitter_sentiments,22
boop2,reddit_sentiment,84
boop2,telegram_sentiment,84
boop3,twitter_sentiments,67
boop3,reddit_sentiment,80
boop3,telegram_sentiment,80
bopcat,twitter_sentiments,0
bopcat,reddit_sentiment,83
bopcat,telegram_sentiment,83
bozohybrid,twitter_sentiments,83
bozohybrid,reddit_sentiment,83
bozohybrid,telegram_sentiment,83
brainlet2,twitter_sentiments,23
brainlet2,reddit_sentiment,85
brainlet2,telegram_sentiment,85
brainrot,twitter_sentiments,48
brainrot,reddit_sentiment,8
brainrot,telegram_sentiment,30
brettmemecoin,twitter_sentiments,41
brettmemecoin,reddit_sentiment,58
brettmemecoin,telegram_sentiment,23
brot,twitter_sentiments,16
brot,reddit_sentiment,8
brot,telegram_sentiment,58
brothecat,twitter_sentiments,16
brothecat,reddit_sentiment,66
brothecat,telegram_sentiment,85
bueno,twitter_sentiments,76
bueno,reddit_sentiment,63
bueno,telegram_sentiment,76
buildonbnb,twitter_sentiments,3
buildonbnb,reddit_sentiment,66
buildonbnb,telegram_sentiment,66
burnedfi,twitter_sentiments,69
burnedfi,reddit_sentiment,84
burnedfi,telegram_sentiment,3
buttholecoin,twitter_sentiments,2
buttholecoin,reddit_sentiment,35
buttholecoin,telegram_sentiment,35
buu,twitter_sentiments,4
buu,reddit_sentiment,15
buu,telegram_sentiment,85
byte,twitter_sentiments,18
byte,reddit_sentiment,83
byte,telegram_sentiment,84
cancer,twitter_sentiments,3
cancer,reddit_sentiment,0
cancer,telegram_sentiment,0
capricorn2,twitter_sentiments,3
capricorn2,reddit_sentiment,44
capricorn2,telegram_sentiment,0
carloacutis,twitter_sentiments,16
carloacutis,reddit_sentiment,59
carloacutis,telegram_sentiment,70
cas9,twitter_sentiments,0
cas9,reddit_sentiment,33
cas9,telegram_sentiment,33
catalorian,twitter_sentiments,0
catalorian,reddit_sentiment,82
catalorian,telegram_sentiment,85
catana,twitter_sentiments,46
catana,reddit_sentiment,85
catana,telegram_sentiment,85
catcoincash,twitter_sentiments,0
catcoincash,reddit_sentiment,0
catcoincash,telegram_sentiment,0
catdog,twitter_sentiments,84
catdog,reddit_sentiment,83
catdog,telegram_sentiment,84
catecoin,twitter_sentiments,18
catecoin,reddit_sentiment,85
catecoin,telegram_sentiment,1
catex,twitter_sentiments,4
catex,reddit_sentiment,83
catex,telegram_sentiment,39
catgirl,twitter_sentiments,83
catgirl,reddit_sentiment,82
catgirl,telegram_sentiment,83
catownkimono,twitter_sentiments,9
catownkimono,reddit_sentiment,84
catownkimono,telegram_sentiment,84
catslap,twitter_sentiments,4
catslap,reddit_sentiment,58
catslap,telegram_sentiment,58
catwifbag,twitter_sentiments,10
catwifbag,reddit_sentiment,83
catwifbag,telegram_sentiment,84
catwifhat2,twitter_sentiments,13
catwifhat2,reddit_sentiment,85
catwifhat2,telegram_sentiment,26
cctv,twitter_sentiments,20
cctv,reddit_sentiment,23
cctv,telegram_sentiment,84
centience,twitter_sentiments,77
centience,reddit_sentiment,77
centience,telegram_sentiment,77
chadcat,twitter_sentiments,35
chadcat,reddit_sentiment,71
chadcat,telegram_sentiment,71
chadcoin,twitter_sentiments,3
chadcoin,reddit_sentiment,82
chadcoin,telegram_sentiment,83
chaosanddisorder,twitter_sentiments,6
chaosanddisorder,reddit_sentiment,70
chaosanddisorder,telegram_sentiment,70
chartreuxcat,twitter_sentiments,56
chartreuxcat,reddit_sentiment,78
chartreuxcat,telegram_sentiment,81
chatgptsmascot,twitter_sentiments,2
chatgptsmascot,reddit_sentiment,77
chatgptsmascot,telegram_sentiment,77
cheems,twitter_sentiments,16
cheems,reddit_sentiment,82
cheems,telegram_sentiment,84
cheese2,twitter_sentiments,61
cheese2,reddit_sentiment,70
cheese2,telegram_sentiment,1
cheese3,twitter_sentiments,43
cheese3,reddit_sentiment,57
cheese3,telegram_sentiment,76
cheeseball,twitter_sentiments,19
cheeseball,reddit_sentiment,84
cheeseball,telegram_sentiment,84
cheshiregrin,twitter_sentiments,10
cheshiregrin,reddit_sentiment,67
cheshiregrin,telegram_sentiment,66
cheyenne,twitter_sentiments,1
cheyenne,reddit_sentiment,35
cheyenne,telegram_sentiment,77
chibawan,twitter_sentiments,27
chibawan,reddit_sentiment,83
chibawan,telegram_sentiment,83
chillgirl,twitter_sentiments,69
chillgirl,reddit_sentiment,20
chillgirl,telegram_sentiment,71
choccymilkcat,twitter_sentiments,0
choccymilkcat,reddit_sentiment,74
choccymilkcat,telegram_sentiment,10
chonky,twitter_sentiments,12
chonky,reddit_sentiment,85
chonky,telegram_sentiment,85
chudjak,twitter_sentiments,67
chudjak,reddit_sentiment,85
chudjak,telegram_sentiment,85
clapcat,twitter_sentiments,10
clapcat,reddit_sentiment,81
clapcat,telegram_sentiment,81
claude,twitter_sentiments,8
claude,reddit_sentiment,35
claude,telegram_sentiment,35
coal2,twitter_sentiments,8
coal2,reddit_sentiment,11
coal2,telegram_sentiment,85
coby,twitter_sentiments,26
coby,reddit_sentiment,58
coby,telegram_sentiment,84
cococoin,twitter_sentiments,10
cococoin,reddit_sentiment,80
cococoin,telegram_sentiment,5
codergf,twitter_sentiments,2
codergf,reddit_sentiment,39
codergf,telegram_sentiment,39
codetoken,twitter_sentiments,7
codetoken,reddit_sentiment,70
codetoken,telegram_sentiment,70
comedian,twitter_sentiments,48
comedian,reddit_sentiment,45
comedian,telegram_sentiment,0
convo,twitter_sentiments,9
convo,reddit_sentiment,51
convo,telegram_sentiment,51
corgiinu2,twitter_sentiments,9
corgiinu2,reddit_sentiment,36
corgiinu2,telegram_sentiment,36
corn2,twitter_sentiments,6
corn2,reddit_sentiment,83
corn2,telegram_sentiment,35
costcohotdog,twitter_sentiments,76
costcohotdog,reddit_sentiment,85
costcohotdog,telegram_sentiment,85
crab,twitter_sentiments,1
crab,reddit_sentiment,24
crab,telegram_sentiment,55
crashout,twitter_sentiments,11
crashout,reddit_sentiment,85
crashout,telegram_sentiment,85
craze,twitter_sentiments,4
craze,reddit_sentiment,43
craze,telegram_sentiment,43
crowwithknife,twitter_sentiments,33
crowwithknife,reddit_sentiment,47
crowwithknife,telegram_sentiment,10
cryptoboomcoinofficial,twitter_sentiments,75
cryptoboomcoinofficial,reddit_sentiment,81
cryptoboomcoinofficial,telegram_sentiment,1
cryptoczar,twitter_sentiments,58
cryptoczar,reddit_sentiment,69
cryptoczar,telegram_sentiment,69
csi888,twitter_sentiments,2
csi888,reddit_sentiment,85
csi888,telegram_sentiment,85
cultofpepe,twitter_sentiments,7
cultofpepe,reddit_sentiment,79
cultofpepe,telegram_sentiment,21
cumrocket,twitter_sentiments,1
cumrocket,reddit_sentiment,81
cumrocket,telegram_sentiment,58
cupsey,twitter_sentiments,11
cupsey,reddit_sentiment,83
cupsey,telegram_sentiment,83
cyberdoge3,twitter_sentiments,0
cyberdoge3,reddit_sentiment,80
cyberdoge3,telegram_sentiment,56
daddychill,twitter_sentiments,11
daddychill,reddit_sentiment,65
daddychill,telegram_sentiment,65
daddytate,twitter_sentiments,78
daddytate,reddit_sentiment,78
daddytate,telegram_sentiment,76
dancingtriangle2,twitter_sentiments,15
dancingtriangle2,reddit_sentiment,85
dancingtriangle2,telegram_sentiment,85
darkmaga,twitter_sentiments,21
darkmaga,reddit_sentiment,85
darkmaga,telegram_sentiment,85
darksun,twitter_sentiments,0
darksun,reddit_sentiment,26
darksun,telegram_sentiment,57
dasha,twitter_sentiments,0
dasha,reddit_sentiment,84
dasha,telegram_sentiment,32
deepworm,twitter_sentiments,85
deepworm,reddit_sentiment,85
deepworm,telegram_sentiment,85
defrogs,twitter_sentiments,68
defrogs,reddit_sentiment,68
defrogs,telegram_sentiment,68
degenspartanai,twitter_sentiments,1
degenspartanai,reddit_sentiment,85
degenspartanai,telegram_sentiment,85
dejitarutsuka,twitter_sentiments,73
dejitarutsuka,reddit_sentiment,84
dejitarutsuka,telegram_sentiment,85
departmentofgovefficiency,twitter_sentiments,81
departmentofgovefficiency,reddit_sentiment,81
departmentofgovefficiency,telegram_sentiment,73
departmentofgovernmentefficiency3,twitter_sentiments,81
departmentofgovernmentefficiency3,reddit_sentiment,82
departmentofgovernmentefficiency3,telegram_sentiment,82
derdaku,twitter_sentiments,5
derdaku,reddit_sentiment,36
derdaku,telegram_sentiment,35
devinonsolana,twitter_sentiments,9
devinonsolana,reddit_sentiment,83
devinonsolana,telegram_sentiment,83
dingocoin,twitter_sentiments,8
dingocoin,reddit_sentiment,35
dingocoin,telegram_sentiment,0
dinolfg,twitter_sentiments,51
dinolfg,reddit_sentiment,84
dinolfg,telegram_sentiment,2
divinelyprotected,twitter_sentiments,27
divinelyprotected,reddit_sentiment,71
divinelyprotected,telegram_sentiment,71
dna,twitter_sentiments,0
dna,reddit_sentiment,0
dna,telegram_sentiment,0
dogaiwtf,twitter_sentiments,43
dogaiwtf,reddit_sentiment,83
dogaiwtf,telegram_sentiment,83
dogami,twitter_sentiments,21
dogami,reddit_sentiment,70
dogami,telegram_sentiment,40
dogc,twitter_sentiments,9
dogc,reddit_sentiment,63
dogc,telegram_sentiment,0
doge,twitter_sentiments,2
doge,reddit_sentiment,78
doge,telegram_sentiment,38
dogebonk,twitter_sentiments,50
dogebonk,reddit_sentiment,75
dogebonk,telegram_sentiment,84
dogecast,twitter_sentiments,7
dogecast,reddit_sentiment,76
dogecast,telegram_sentiment,76
dogecast2,twitter_sentiments,68
dogecast2,reddit_sentiment,74
dogecast2,telegram_sentiment,74
dogefather2,twitter_sentiments,68
dogefather2,reddit_sentiment,72
dogefather2,telegram_sentiment,73
dogefather3,twitter_sentiments,34
dogefather3,reddit_sentiment,34
dogefather3,telegram_sentiment,34
dogegf,twitter_sentiments,0
dogegf,reddit_sentiment,0
dogegf,telegram_sentiment,0
dogejonesindustrialaverage,twitter_sentiments,8
dogejonesindustrialaverage,reddit_sentiment,83
dogejonesindustrialaverage,telegram_sentiment,68
dogemascotshibu,twitter_sentiments,85
dogemascotshibu,reddit_sentiment,85
dogemascotshibu,telegram_sentiment,85
dogemojionsolana,twitter_sentiments,82
dogemojionsolana,reddit_sentiment,82
dogemojionsolana,telegram_sentiment,82
dogeonsolana,twitter_sentiments,36
dogeonsolana,reddit_sentiment,73
dogeonsolana,telegram_sentiment,85
dogfoodtoken,twitter_sentiments,17
dogfoodtoken,reddit_sentiment,25
dogfoodtoken,telegram_sentiment,25
doggo3,twitter_sentiments,85
doggo3,reddit_sentiment,85
doggo3,telegram_sentiment,85
doggoinu,twitter_sentiments,2
doggoinu,reddit_sentiment,7
doggoinu,telegram_sentiment,7
doginhood,twitter_sentiments,6
doginhood,reddit_sentiment,84
doginhood,telegram_sentiment,8
doginthpool,twitter_sentiments,3
doginthpool,reddit_sentiment,84
doginthpool,telegram_sentiment,84
doglibre,twitter_sentiments,1
doglibre,reddit_sentiment,49
doglibre,telegram_sentiment,3
dogwifnuchucks,twitter_sentiments,5
dogwifnuchucks,reddit_sentiment,73
dogwifnuchucks,telegram_sentiment,1
dogwithappleinmouth,twitter_sentiments,11
dogwithappleinmouth,reddit_sentiment,54
dogwithappleinmouth,telegram_sentiment,53
dolanduck,twitter_sentiments,29
dolanduck,reddit_sentiment,83
dolanduck,telegram_sentiment,83
dollarmoon2,twitter_sentiments,28
dollarmoon2,reddit_sentiment,82
dollarmoon2,telegram_sentiment,82
dolosthebully,twitter_sentiments,0
dolosthebully,reddit_sentiment,78
dolosthebully,telegram_sentiment,78
donaldtremp,twitter_sentiments,0
donaldtremp,reddit_sentiment,85
donaldtremp,telegram_sentiment,85
dontbuyinu,twitter_sentiments,16
dontbuyinu,reddit_sentiment,83
dontbuyinu,telegram_sentiment,83
dontdie,twitter_sentiments,2
dontdie,reddit_sentiment,0
dontdie,telegram_sentiment,69
doom,twitter_sentiments,0
doom,reddit_sentiment,0
doom,telegram_sentiment,0
dorklord2,twitter_sentiments,1
dorklord2,reddit_sentiment,85
dorklord2,telegram_sentiment,3
dotcom,twitter_sentiments,30
dotcom,reddit_sentiment,45
dotcom,telegram_sentiment,69
draggycto,twitter_sentiments,4
draggycto,reddit_sentiment,51
draggycto,telegram_sentiment,53
drip,twitter_sentiments,36
drip,reddit_sentiment,84
drip,telegram_sentiment,84
drpepeai,twitter_sentiments,3
drpepeai,reddit_sentiment,39
drpepeai,telegram_sentiment,34
duckai,twitter_sentiments,0
duckai,reddit_sentiment,66
duckai,telegram_sentiment,51
duckthedoug,twitter_sentiments,1
duckthedoug,reddit_sentiment,63
duckthedoug,telegram_sentiment,83
ducky,twitter_sentiments,8
ducky,reddit_sentiment,30
ducky,telegram_sentiment,85
duko,twitter_sentiments,1
duko,reddit_sentiment,85
duko,telegram_sentiment,85
eagleoftruth,twitter_sentiments,81
eagleoftruth,reddit_sentiment,81
eagleoftruth,telegram_sentiment,17
earl,twitter_sentiments,38
earl,reddit_sentiment,46
earl,telegram_sentiment,80
effectiveaccelerationism,twitter_sentiments,1
effectiveaccelerationism,reddit_sentiment,82
effectiveaccelerationism,telegram_sentiment,82
eggdog,twitter_sentiments,47
eggdog,reddit_sentiment,83
eggdog,telegram_sentiment,84
elgato,twitter_sentiments,85
elgato,reddit_sentiment,52
elgato,telegram_sentiment,85
eliza,twitter_sentiments,1
eliza,reddit_sentiment,74
eliza,telegram_sentiment,74
elon,twitter_sentiments,69
elon,reddit_sentiment,68
elon,telegram_sentiment,85
eloniatrump,twitter_sentiments,29
eloniatrump,reddit_sentiment,73
eloniatrump,telegram_sentiment,9
elonrwa,twitter_sentiments,10
elonrwa,reddit_sentiment,81
elonrwa,telegram_sentiment,26
elonspetsnail,twitter_sentiments,72
elonspetsnail,reddit_sentiment,77
elonspetsnail,telegram_sentiment,77
elsapopepe,twitter_sentiments,39
elsapopepe,reddit_sentiment,44
elsapopepe,telegram_sentiment,44
endfederalreserve,twitter_sentiments,13
endfederalreserve,reddit_sentiment,74
endfederalreserve,telegram_sentiment,10
enkrypto,twitter_sentiments,31
enkrypto,reddit_sentiment,83
enkrypto,telegram_sentiment,15
estee,twitter_sentiments,5
estee,reddit_sentiment,80
estee,telegram_sentiment,67
ethbull,twitter_sentiments,21
ethbull,reddit_sentiment,40
ethbull,telegram_sentiment,40
ethereumisgood,twitter_sentiments,10
ethereumisgood,reddit_sentiment,81
ethereumisgood,telegram_sentiment,84
evan2,twitter_sentiments,1
evan2,reddit_sentiment,70
evan2,telegram_sentiment,69
expert_money,twitter_sentiments,2
expert_money,reddit_sentiment,69
expert_money,telegram_sentiment,64
eyeearn,twitter_sentiments,2
eyeearn,reddit_sentiment,85
eyeearn,telegram_sentiment,32
fairfun,twitter_sentiments,1
fairfun,reddit_sentiment,45
fairfun,telegram_sentiment,1
faml,twitter_sentiments,55
faml,reddit_sentiment,73
faml,telegram_sentiment,20
fatgf,twitter_sentiments,39
fatgf,reddit_sentiment,84
fatgf,telegram_sentiment,84
feces,twitter_sentiments,85
feces,reddit_sentiment,85
feces,telegram_sentiment,84
fefeoneth,twitter_sentiments,4
fefeoneth,reddit_sentiment,85
fefeoneth,telegram_sentiment,85
fegtoken2,twitter_sentiments,2
fegtoken2,reddit_sentiment,74
fegtoken2,telegram_sentiment,66
feistydogenft,twitter_sentiments,85
feistydogenft,reddit_sentiment,85
feistydogenft,telegram_sentiment,85
fighttomaga,twitter_sentiments,85
fighttomaga,reddit_sentiment,85
fighttomaga,telegram_sentiment,85
fijiexe,twitter_sentiments,6
fijiexe,reddit_sentiment,81
fijiexe,telegram_sentiment,26
fine2,twitter_sentiments,14
fine2,reddit_sentiment,72
fine2,telegram_sentiment,72
firstconvictedraccon,twitter_sentiments,54
firstconvictedraccon,reddit_sentiment,54
firstconvictedraccon,telegram_sentiment,54
firstreply,twitter_sentiments,49
firstreply,reddit_sentiment,78
firstreply,telegram_sentiment,85
fishkoin,twitter_sentiments,23
fishkoin,reddit_sentiment,84
fishkoin,telegram_sentiment,0
fisttrumppump,twitter_sentiments,12
fisttrumppump,reddit_sentiment,85
fisttrumppump,telegram_sentiment,34
flatearthcoin,twitter_sentiments,3
flatearthcoin,reddit_sentiment,78
flatearthcoin,telegram_sentiment,9
flaviaisonline,twitter_sentiments,84
flaviaisonline,reddit_sentiment,84
flaviaisonline,telegram_sentiment,84
fleabone,twitter_sentiments,4
fleabone,reddit_sentiment,78
fleabone,telegram_sentiment,18
floofnoodles,twitter_sentiments,46
floofnoodles,reddit_sentiment,72
floofnoodles,telegram_sentiment,72
floos,twitter_sentiments,3
floos,reddit_sentiment,47
floos,telegram_sentiment,85
floppacat,twitter_sentiments,2
floppacat,reddit_sentiment,82
floppacat,telegram_sentiment,82
florkcto,twitter_sentiments,0
florkcto,reddit_sentiment,37
florkcto,telegram_sentiment,3
flowerai,twitter_sentiments,5
flowerai,reddit_sentiment,70
flowerai,telegram_sentiment,70
fofar,twitter_sentiments,3
fofar,reddit_sentiment,85
fofar,telegram_sentiment,85
fomo3d,twitter_sentiments,3
fomo3d,reddit_sentiment,54
fomo3d,telegram_sentiment,54
fomoradioai,twitter_sentiments,0
fomoradioai,reddit_sentiment,33
fomoradioai,telegram_sentiment,33
forest,twitter_sentiments,0
forest,reddit_sentiment,51
forest,telegram_sentiment,85
forky2,twitter_sentiments,4
forky2,reddit_sentiment,33
forky2,telegram_sentiment,33
freeshaynecoplan,twitter_sentiments,77
freeshaynecoplan,reddit_sentiment,77
freeshaynecoplan,telegram_sentiment,11
freespeech2,twitter_sentiments,1
freespeech2,reddit_sentiment,36
freespeech2,telegram_sentiment,36
frensofelon,twitter_sentiments,2
frensofelon,reddit_sentiment,57
frensofelon,telegram_sentiment,57
fric,twitter_sentiments,16
fric,reddit_sentiment,54
fric,telegram_sentiment,54
frodothevirtualsamurai,twitter_sentiments,8
frodothevirtualsamurai,reddit_sentiment,50
frodothevirtualsamurai,telegram_sentiment,12
frog3,twitter_sentiments,81
frog3,reddit_sentiment,34
frog3,telegram_sentiment,81
frogevip,twitter_sentiments,2
frogevip,reddit_sentiment,46
frogevip,telegram_sentiment,46
frox,twitter_sentiments,8
frox,reddit_sentiment,65
frox,telegram_sentiment,36
fu,twitter_sentiments,9
fu,reddit_sentiment,57
fu,telegram_sentiment,84
fug,twitter_sentiments,16
fug,reddit_sentiment,55
fug,telegram_sentiment,55
fug2,twitter_sentiments,33
fug2,reddit_sentiment,57
fug2,telegram_sentiment,80
fuku2,twitter_sentiments,14
fuku2,reddit_sentiment,64
fuku2,telegram_sentiment,21
furnancialadvisor,twitter_sentiments,78
furnancialadvisor,reddit_sentiment,78
furnancialadvisor,telegram_sentiment,78
fxn,twitter_sentiments,21
fxn,reddit_sentiment,62
fxn,telegram_sentiment,48
gamestop,twitter_sentiments,85
gamestop,reddit_sentiment,2
gamestop,telegram_sentiment,84
gameswift,twitter_sentiments,3
gameswift,reddit_sentiment,85
gameswift,telegram_sentiment,12
gdog,twitter_sentiments,31
gdog,reddit_sentiment,85
gdog,telegram_sentiment,76
gegagedigedagedago,twitter_sentiments,44
gegagedigedagedago,reddit_sentiment,72
gegagedigedagedago,telegram_sentiment,72
gemini2,twitter_sentiments,3
gemini2,reddit_sentiment,80
gemini2,telegram_sentiment,0
gemxbt,twitter_sentiments,3
gemxbt,reddit_sentiment,50
gemxbt,telegram_sentiment,26
generationalwealth3,twitter_sentiments,0
generationalwealth3,reddit_sentiment,81
generationalwealth3,telegram_sentiment,79
genzquant,twitter_sentiments,76
genzquant,reddit_sentiment,76
genzquant,telegram_sentiment,76
gikocat,twitter_sentiments,13
gikocat,reddit_sentiment,85
gikocat,telegram_sentiment,85
ginnan,twitter_sentiments,4
ginnan,reddit_sentiment,65
ginnan,telegram_sentiment,63
ginnanthecat,twitter_sentiments,2
ginnanthecat,reddit_sentiment,85
ginnanthecat,telegram_sentiment,85
glorp,twitter_sentiments,30
glorp,reddit_sentiment,77
glorp,telegram_sentiment,49
glp1,twitter_sentiments,15
glp1,reddit_sentiment,70
glp1,telegram_sentiment,70
gluteusmaximusbyvirtuals,twitter_sentiments,0
gluteusmaximusbyvirtuals,reddit_sentiment,39
gluteusmaximusbyvirtuals,telegram_sentiment,39
gme,twitter_sentiments,85
gme,reddit_sentiment,1
gme,telegram_sentiment,85
gmika,twitter_sentiments,18
gmika,reddit_sentiment,84
gmika,telegram_sentiment,0
goatseusactii,twitter_sentiments,0
goatseusactii,reddit_sentiment,69
goatseusactii,telegram_sentiment,0
gobi,twitter_sentiments,64
gobi,reddit_sentiment,61
gobi,telegram_sentiment,70
gondola,twitter_sentiments,15
gondola,reddit_sentiment,83
gondola,telegram_sentiment,84
gooby,twitter_sentiments,45
gooby,reddit_sentiment,83
gooby,telegram_sentiment,83
goodboy,twitter_sentiments,3
goodboy,reddit_sentiment,41
goodboy,telegram_sentiment,41
goodmorning3,twitter_sentiments,4
goodmorning3,reddit_sentiment,80
goodmorning3,telegram_sentiment,80
goofy2,twitter_sentiments,0
goofy2,reddit_sentiment,29
goofy2,telegram_sentiment,30
gottitoken,twitter_sentiments,6
gottitoken,reddit_sentiment,83
gottitoken,telegram_sentiment,0
gou,twitter_sentiments,4
gou,reddit_sentiment,62
gou,telegram_sentiment,83
gout,twitter_sentiments,36
gout,reddit_sentiment,1
gout,telegram_sentiment,74
gpuairich,twitter_sentiments,8
gpuairich,reddit_sentiment,49
gpuairich,telegram_sentiment,49
griffainnewhedgefund,twitter_sentiments,11
griffainnewhedgefund,reddit_sentiment,41
griffainnewhedgefund,telegram_sentiment,40
groggobymattfurie,twitter_sentiments,4
groggobymattfurie,reddit_sentiment,84
groggobymattfurie,telegram_sentiment,82
grok2,twitter_sentiments,57
grok2,reddit_sentiment,51
grok2,telegram_sentiment,83
groyper,twitter_sentiments,21
groyper,reddit_sentiment,85
groyper,telegram_sentiment,85
grumpycatcoin,twitter_sentiments,14
grumpycatcoin,reddit_sentiment,74
grumpycatcoin,telegram_sentiment,7
gua,twitter_sentiments,3
gua,reddit_sentiment,57
gua,telegram_sentiment,63
guacamole,twitter_sentiments,0
guacamole,reddit_sentiment,85
guacamole,telegram_sentiment,12
gummy,twitter_sentiments,46
gummy,reddit_sentiment,85
gummy,telegram_sentiment,85
h2w6gm6jz,twitter_sentiments,44
h2w6gm6jz,reddit_sentiment,46
h2w6gm6jz,telegram_sentiment,46
habibisol,twitter_sentiments,1
habibisol,reddit_sentiment,85
habibisol,telegram_sentiment,27
hahayes,twitter_sentiments,12
hahayes,reddit_sentiment,83
hahayes,telegram_sentiment,83
halforangedrinkinglemonade,twitter_sentiments,14
halforangedrinkinglemonade,reddit_sentiment,84
halforangedrinkinglemonade,telegram_sentiment,84
hami,twitter_sentiments,2
hami,reddit_sentiment,85
hami,telegram_sentiment,85
hana,twitter_sentiments,11
hana,reddit_sentiment,85
hana,telegram_sentiment,85
hanbao,twitter_sentiments,10
hanbao,reddit_sentiment,81
hanbao,telegram_sentiment,81
happycat2,twitter_sentiments,0
happycat2,reddit_sentiment,70
happycat2,telegram_sentiment,0
harambe2,twitter_sentiments,73
harambe2,reddit_sentiment,80
harambe2,telegram_sentiment,80
harold,twitter_sentiments,74
harold,reddit_sentiment,84
harold,telegram_sentiment,13
haroldonsol,twitter_sentiments,43
haroldonsol,reddit_sentiment,73
haroldonsol,telegram_sentiment,73
harrypottertrumphomersimpson777inu,twitter_sentiments,8
harrypottertrumphomersimpson777inu,reddit_sentiment,85
harrypottertrumphomersimpson777inu,telegram_sentiment,85
hasbullascat,twitter_sentiments,12
hasbullascat,reddit_sentiment,81
hasbullascat,telegram_sentiment,81
hawk2,twitter_sentiments,4
hawk2,reddit_sentiment,33
hawk2,telegram_sentiment,85
heeeheee,twitter_sentiments,8
heeeheee,reddit_sentiment,84
heeeheee,telegram_sentiment,84
hege,twitter_sentiments,85
hege,reddit_sentiment,1
hege,telegram_sentiment,85
hehecat,twitter_sentiments,13
hehecat,reddit_sentiment,85
hehecat,telegram_sentiment,85
hemule,twitter_sentiments,85
hemule,reddit_sentiment,85
hemule,telegram_sentiment,85
henlo,twitter_sentiments,7
henlo,reddit_sentiment,13
henlo,telegram_sentiment,12
hermythestallion,twitter_sentiments,0
hermythestallion,reddit_sentiment,57
hermythestallion,telegram_sentiment,56
highaf,twitter_sentiments,1
highaf,reddit_sentiment,66
highaf,telegram_sentiment,38
hisnamegort,twitter_sentiments,8
hisnamegort,reddit_sentiment,78
hisnamegort,telegram_sentiment,78
historyofpepe,twitter_sentiments,63
historyofpepe,reddit_sentiment,85
historyofpepe,telegram_sentiment,85
hogefinance,twitter_sentiments,84
hogefinance,reddit_sentiment,84
hogefinance,telegram_sentiment,3
honk,twitter_sentiments,85
honk,reddit_sentiment,85
honk,telegram_sentiment,85
hoppymeme,twitter_sentiments,35
hoppymeme,reddit_sentiment,63
hoppymeme,telegram_sentiment,63
horny,twitter_sentiments,4
horny,reddit_sentiment,55
horny,telegram_sentiment,55
hotdoge2,twitter_sentiments,24
hotdoge2,reddit_sentiment,50
hotdoge2,telegram_sentiment,49
huahua,twitter_sentiments,66
huahua,reddit_sentiment,51
huahua,telegram_sentiment,68
hund,twitter_sentiments,4
hund,reddit_sentiment,81
hund,telegram_sentiment,7
huskyavax,twitter_sentiments,23
huskyavax,reddit_sentiment,84
huskyavax,telegram_sentiment,2
iiiilovvvyouuuu,twitter_sentiments,85
iiiilovvvyouuuu,reddit_sentiment,85
iiiilovvvyouuuu,telegram_sentiment,5
ilence,twitter_sentiments,24
ilence,reddit_sentiment,70
ilence,telegram_sentiment,70
illuminaticoin,twitter_sentiments,85
illuminaticoin,reddit_sentiment,85
illuminaticoin,telegram_sentiment,85
ilovepuppies,twitter_sentiments,65
ilovepuppies,reddit_sentiment,84
ilovepuppies,telegram_sentiment,4
imnotwrongimearly,twitter_sentiments,0
imnotwrongimearly,reddit_sentiment,77
imnotwrongimearly,telegram_sentiment,27
inferno2,twitter_sentiments,9
inferno2,reddit_sentiment,73
inferno2,telegram_sentiment,0
infinitebackrooms,twitter_sentiments,58
infinitebackrooms,reddit_sentiment,84
infinitebackrooms,telegram_sentiment,64
intern,twitter_sentiments,2
intern,reddit_sentiment,56
intern,telegram_sentiment,72
internationalmemefund,twitter_sentiments,12
internationalmemefund,reddit_sentiment,44
internationalmemefund,telegram_sentiment,44
internosaur,twitter_sentiments,12
internosaur,reddit_sentiment,57
internosaur,telegram_sentiment,57
inusol,twitter_sentiments,83
inusol,reddit_sentiment,83
inusol,telegram_sentiment,83
iq50,twitter_sentiments,3
iq50,reddit_sentiment,85
iq50,telegram_sentiment,85
iq6900,twitter_sentiments,8
iq6900,reddit_sentiment,51
iq6900,telegram_sentiment,51
ito,twitter_sentiments,6
ito,reddit_sentiment,15
ito,telegram_sentiment,83
jailbreakme,twitter_sentiments,1
jailbreakme,reddit_sentiment,51
jailbreakme,telegram_sentiment,21
jak,twitter_sentiments,4
jak,reddit_sentiment,66
jak,telegram_sentiment,66
jamcat,twitter_sentiments,76
jamcat,reddit_sentiment,81
jamcat,telegram_sentiment,81
janrotherat,twitter_sentiments,8
janrotherat,reddit_sentiment,63
janrotherat,telegram_sentiment,63
jenhsunhuang,twitter_sentiments,0
jenhsunhuang,reddit_sentiment,84
jenhsunhuang,telegram_sentiment,84
jeoboden,twitter_sentiments,85
jeoboden,reddit_sentiment,84
jeoboden,telegram_sentiment,85
jesuscoin,twitter_sentiments,24
jesuscoin,reddit_sentiment,85
jesuscoin,telegram_sentiment,1
jewelsdagoat,twitter_sentiments,5
jewelsdagoat,reddit_sentiment,77
jewelsdagoat,telegram_sentiment,77
jiffpom,twitter_sentiments,24
jiffpom,reddit_sentiment,69
jiffpom,telegram_sentiment,68
jinx,twitter_sentiments,16
jinx,reddit_sentiment,83
jinx,telegram_sentiment,83
joecoin,twitter_sentiments,47
joecoin,reddit_sentiment,77
joecoin,telegram_sentiment,81
johnmcaifee,twitter_sentiments,45
johnmcaifee,reddit_sentiment,77
johnmcaifee,telegram_sentiment,77
johnthecoin,twitter_sentiments,5
johnthecoin,reddit_sentiment,83
johnthecoin,telegram_sentiment,83
joi,twitter_sentiments,0
joi,reddit_sentiment,76
joi,telegram_sentiment,75
jorkin,twitter_sentiments,76
jorkin,reddit_sentiment,77
jorkin,telegram_sentiment,62
justachillguy,twitter_sentiments,49
justachillguy,reddit_sentiment,64
justachillguy,telegram_sentiment,64
justbuy1worthofthiscoin,twitter_sentiments,35
justbuy1worthofthiscoin,reddit_sentiment,68
justbuy1worthofthiscoin,telegram_sentiment,68
justiceforpeanut,twitter_sentiments,16
justiceforpeanut,reddit_sentiment,53
justiceforpeanut,telegram_sentiment,51
justiceforpnutandfred,twitter_sentiments,22
justiceforpnutandfred,reddit_sentiment,69
justiceforpnutandfred,telegram_sentiment,69
k9financedao,twitter_sentiments,5
k9financedao,reddit_sentiment,84
k9financedao,telegram_sentiment,0
k9killedinshootout,twitter_sentiments,20
k9killedinshootout,reddit_sentiment,77
k9killedinshootout,telegram_sentiment,77
kaiken,twitter_sentiments,1
kaiken,reddit_sentiment,71
kaiken,telegram_sentiment,2
kandoai,twitter_sentiments,7
kandoai,reddit_sentiment,42
kandoai,telegram_sentiment,33
kappy,twitter_sentiments,12
kappy,reddit_sentiment,58
kappy,telegram_sentiment,61
katanainu,twitter_sentiments,2
katanainu,reddit_sentiment,85
katanainu,telegram_sentiment,1
keanu,twitter_sentiments,30
keanu,reddit_sentiment,69
keanu,telegram_sentiment,49
keepgambling,twitter_sentiments,19
keepgambling,reddit_sentiment,56
keepgambling,telegram_sentiment,57
keketerminal,twitter_sentiments,0
keketerminal,reddit_sentiment,68
keketerminal,telegram_sentiment,68
kekistan,twitter_sentiments,16
kekistan,reddit_sentiment,85
kekistan,telegram_sentiment,85
kekiusmaximus,twitter_sentiments,44
kekiusmaximus,reddit_sentiment,47
kekiusmaximus,telegram_sentiment,47
kenduinu,twitter_sentiments,16
kenduinu,reddit_sentiment,4
kenduinu,telegram_sentiment,83
keyboardcat,twitter_sentiments,12
keyboardcat,reddit_sentiment,81
keyboardcat,telegram_sentiment,81
khaokheowzoo,twitter_sentiments,68
khaokheowzoo,reddit_sentiment,68
khaokheowzoo,telegram_sentiment,50
kibainu,twitter_sentiments,7
kibainu,reddit_sentiment,84
kibainu,telegram_sentiment,84
kiboshib,twitter_sentiments,1
kiboshib,reddit_sentiment,85
kiboshib,telegram_sentiment,85
kiki2,twitter_sentiments,3
kiki2,reddit_sentiment,44
kiki2,telegram_sentiment,40
kimbo,twitter_sentiments,3
kimbo,reddit_sentiment,85
kimbo,telegram_sentiment,12
kira3,twitter_sentiments,2
kira3,reddit_sentiment,70
kira3,telegram_sentiment,70
kirakuru,twitter_sentiments,0
kirakuru,reddit_sentiment,51
kirakuru,telegram_sentiment,50
kishuinu,twitter_sentiments,0
kishuinu,reddit_sentiment,0
kishuinu,telegram_sentiment,0
kittekoin,twitter_sentiments,33
kittekoin,reddit_sentiment,34
kittekoin,telegram_sentiment,34
kittenhaimer,twitter_sentiments,2
kittenhaimer,reddit_sentiment,85
kittenhaimer,telegram_sentiment,85
kizuna,twitter_sentiments,3
kizuna,reddit_sentiment,80
kizuna,telegram_sentiment,80
klaus,twitter_sentiments,62
klaus,reddit_sentiment,84
klaus,telegram_sentiment,84
knotdiffiehellman,twitter_sentiments,4
knotdiffiehellman,reddit_sentiment,56
knotdiffiehellman,telegram_sentiment,56
knutfromzoo,twitter_sentiments,9
knutfromzoo,reddit_sentiment,41
knutfromzoo,telegram_sentiment,41
koalaai,twitter_sentiments,4
koalaai,reddit_sentiment,85
koalaai,telegram_sentiment,85
kolin2,twitter_sentiments,0
kolin2,reddit_sentiment,67
kolin2,telegram_sentiment,67
komainu,twitter_sentiments,64
komainu,reddit_sentiment,85
komainu,telegram_sentiment,84
kotaro,twitter_sentiments,46
kotaro,reddit_sentiment,73
kotaro,telegram_sentiment,73
koto2,twitter_sentiments,9
koto2,reddit_sentiment,70
koto2,telegram_sentiment,70
kpopkpopfun,twitter_sentiments,37
kpopkpopfun,reddit_sentiment,47
kpopkpopfun,telegram_sentiment,52
kwantxbt,twitter_sentiments,0
kwantxbt,reddit_sentiment,53
kwantxbt,telegram_sentiment,53
kween,twitter_sentiments,0
kween,reddit_sentiment,50
kween,telegram_sentiment,31
kyra,twitter_sentiments,1
kyra,reddit_sentiment,12
kyra,telegram_sentiment,80
lambosforvirgins,twitter_sentiments,11
lambosforvirgins,reddit_sentiment,55
lambosforvirgins,telegram_sentiment,55
landwolf2,twitter_sentiments,1
landwolf2,reddit_sentiment,70
landwolf2,telegram_sentiment,70
larpdetectiveagency,twitter_sentiments,1
larpdetectiveagency,reddit_sentiment,43
larpdetectiveagency,telegram_sentiment,43
leaai,twitter_sentiments,0
leaai,reddit_sentiment,71
leaai,telegram_sentiment,56
leash,twitter_sentiments,21
leash,reddit_sentiment,85
leash,telegram_sentiment,85
ledogdog,twitter_sentiments,25
ledogdog,reddit_sentiment,83
ledogdog,telegram_sentiment,83
legend,twitter_sentiments,7
legend,reddit_sentiment,60
legend,telegram_sentiment,60
leo2,twitter_sentiments,3
leo2,reddit_sentiment,40
leo2,telegram_sentiment,76
leper,twitter_sentiments,18
leper,reddit_sentiment,19
leper,telegram_sentiment,80
lethimcook,twitter_sentiments,11
lethimcook,reddit_sentiment,85
lethimcook,telegram_sentiment,85
letsfarty,twitter_sentiments,0
letsfarty,reddit_sentiment,33
letsfarty,telegram_sentiment,32
letsgetthisbread,twitter_sentiments,9
letsgetthisbread,reddit_sentiment,50
letsgetthisbread,telegram_sentiment,50
letthatsinkin,twitter_sentiments,33
letthatsinkin,reddit_sentiment,81
letthatsinkin,telegram_sentiment,79
libra4,twitter_sentiments,3
libra4,reddit_sentiment,36
libra4,telegram_sentiment,0
lifedog,twitter_sentiments,48
lifedog,reddit_sentiment,62
lifedog,telegram_sentiment,2
lilyscoin,twitter_sentiments,5
lilyscoin,reddit_sentiment,85
lilyscoin,telegram_sentiment,85
limbo,twitter_sentiments,0
limbo,reddit_sentiment,56
limbo,telegram_sentiment,62
lingyan,twitter_sentiments,38
lingyan,reddit_sentiment,80
lingyan,telegram_sentiment,80
linkonsol,twitter_sentiments,35
linkonsol,reddit_sentiment,73
linkonsol,telegram_sentiment,74
lioncat,twitter_sentiments,1
lioncat,reddit_sentiment,81
lioncat,telegram_sentiment,0
litecoinmascot,twitter_sentiments,70
litecoinmascot,reddit_sentiment,77
litecoinmascot,telegram_sentiment,1
literallyme,twitter_sentiments,8
literallyme,reddit_sentiment,42
literallyme,telegram_sentiment,85
littlemanyu,twitter_sentiments,10
littlemanyu,reddit_sentiment,85
littlemanyu,telegram_sentiment,85
lmeow2,twitter_sentiments,1
lmeow2,reddit_sentiment,85
lmeow2,telegram_sentiment,0
loafcat,twitter_sentiments,7
loafcat,reddit_sentiment,84
loafcat,telegram_sentiment,75
lockin,twitter_sentiments,77
lockin,reddit_sentiment,77
lockin,telegram_sentiment,77
logosai,twitter_sentiments,8
logosai,reddit_sentiment,57
logosai,telegram_sentiment,57
lol3,twitter_sentiments,1
lol3,reddit_sentiment,82
lol3,telegram_sentiment,76
lola3,twitter_sentiments,14
lola3,reddit_sentiment,62
lola3,telegram_sentiment,57
lolcat2,twitter_sentiments,47
lolcat2,reddit_sentiment,84
lolcat2,telegram_sentiment,1
loner,twitter_sentiments,6
loner,reddit_sentiment,54
loner,telegram_sentiment,53
long4,twitter_sentiments,4
long4,reddit_sentiment,0
long4,telegram_sentiment,60
loobybystephenbliss,twitter_sentiments,8
loobybystephenbliss,reddit_sentiment,73
loobybystephenbliss,telegram_sentiment,73
lookbro,twitter_sentiments,8
lookbro,reddit_sentiment,3
lookbro,telegram_sentiment,82
loulou,twitter_sentiments,2
loulou,reddit_sentiment,84
loulou,telegram_sentiment,18
lovelyinufinance,twitter_sentiments,19
lovelyinufinance,reddit_sentiment,85
lovelyinufinance,telegram_sentiment,72
lowqualitycat,twitter_sentiments,15
lowqualitycat,reddit_sentiment,84
lowqualitycat,telegram_sentiment,84
lucedog,twitter_sentiments,74
lucedog,reddit_sentiment,80
lucedog,telegram_sentiment,80
luci,twitter_sentiments,36
luci,reddit_sentiment,85
luci,telegram_sentiment,85
luckydog,twitter_sentiments,3
luckydog,reddit_sentiment,76
luckydog,telegram_sentiment,76
luffyinu,twitter_sentiments,1
luffyinu,reddit_sentiment,54
luffyinu,telegram_sentiment,29
lumi3,twitter_sentiments,1
lumi3,reddit_sentiment,57
lumi3,telegram_sentiment,57
lunabyvirtuals,twitter_sentiments,0
lunabyvirtuals,reddit_sentiment,59
lunabyvirtuals,telegram_sentiment,59
m3m3,twitter_sentiments,8
m3m3,reddit_sentiment,47
m3m3,telegram_sentiment,36
mad2,twitter_sentiments,0
mad2,reddit_sentiment,85
mad2,telegram_sentiment,1
madonnadelgatto,twitter_sentiments,32
madonnadelgatto,reddit_sentiment,43
madonnadelgatto,telegram_sentiment,43
magaagain,twitter_sentiments,84
magaagain,reddit_sentiment,84
magaagain,telegram_sentiment,43
magafightfortrump,twitter_sentiments,27
magafightfortrump,reddit_sentiment,83
magafightfortrump,telegram_sentiment,7
magahat,twitter_sentiments,85
magahat,reddit_sentiment,85
magahat,telegram_sentiment,85
magaverse,twitter_sentiments,38
magaverse,reddit_sentiment,49
magaverse,telegram_sentiment,48
magnet2,twitter_sentiments,83
magnet2,reddit_sentiment,72
magnet2,telegram_sentiment,83
maincharacter,twitter_sentiments,55
maincharacter,reddit_sentiment,67
maincharacter,telegram_sentiment,75
maincharacterenergy,twitter_sentiments,5
maincharacterenergy,reddit_sentiment,73
maincharacterenergy,telegram_sentiment,73
majorfrog,twitter_sentiments,17
majorfrog,reddit_sentiment,85
majorfrog,telegram_sentiment,85
make,twitter_sentiments,33
make,reddit_sentiment,52
make,telegram_sentiment,69
makeamericahealthyagain,twitter_sentiments,12
makeamericahealthyagain,reddit_sentiment,79
makeamericahealthyagain,telegram_sentiment,81
malakai,twitter_sentiments,83
malakai,reddit_sentiment,73
malakai,telegram_sentiment,83
maneki,twitter_sentiments,54
maneki,reddit_sentiment,54
maneki,telegram_sentiment,54
manifestonsol,twitter_sentiments,82
manifestonsol,reddit_sentiment,83
manifestonsol,telegram_sentiment,83
mao3,twitter_sentiments,54
mao3,reddit_sentiment,77
mao3,telegram_sentiment,78
marketdominance,twitter_sentiments,0
marketdominance,reddit_sentiment,72
marketdominance,telegram_sentiment,83
markkacy,twitter_sentiments,10
markkacy,reddit_sentiment,71
markkacy,telegram_sentiment,38
mars2,twitter_sentiments,6
mars2,reddit_sentiment,82
mars2,telegram_sentiment,85
marvininu2,twitter_sentiments,84
marvininu2,reddit_sentiment,84
marvininu2,telegram_sentiment,82
matt0x79,twitter_sentiments,38
matt0x79,reddit_sentiment,84
matt0x79,telegram_sentiment,83
max2,twitter_sentiments,1
max2,reddit_sentiment,18
max2,telegram_sentiment,14
maxoneth,twitter_sentiments,56
maxoneth,reddit_sentiment,57
maxoneth,telegram_sentiment,57
maya,twitter_sentiments,66
maya,reddit_sentiment,2
maya,telegram_sentiment,81
mcdull,twitter_sentiments,0
mcdull,reddit_sentiment,58
mcdull,telegram_sentiment,58
medusa2,twitter_sentiments,29
medusa2,reddit_sentiment,83
medusa2,telegram_sentiment,83
mellowman,twitter_sentiments,2
mellowman,reddit_sentiment,85
mellowman,telegram_sentiment,77
melo,twitter_sentiments,7
melo,reddit_sentiment,84
melo,telegram_sentiment,84
melondog,twitter_sentiments,32
melondog,reddit_sentiment,83
melondog,telegram_sentiment,83
memeanarchicnumismaticasset,twitter_sentiments,1
memeanarchicnumismaticasset,reddit_sentiment,53
memeanarchicnumismaticasset,telegram_sentiment,53
memecoingirl,twitter_sentiments,46
memecoingirl,reddit_sentiment,79
memecoingirl,telegram_sentiment,79
memecoinmillionaire,twitter_sentiments,2
memecoinmillionaire,reddit_sentiment,81
memecoinmillionaire,telegram_sentiment,83
memesai,twitter_sentiments,0
memesai,reddit_sentiment,84
memesai,telegram_sentiment,85
men,twitter_sentiments,26
men,reddit_sentiment,80
men,telegram_sentiment,74
meow,twitter_sentiments,53
meow,reddit_sentiment,79
meow,telegram_sentiment,81
meowmeowmeowmeow,twitter_sentiments,0
meowmeowmeowmeow,reddit_sentiment,48
meowmeowmeowmeow,telegram_sentiment,50
metamonopoly,twitter_sentiments,4
metamonopoly,reddit_sentiment,85
metamonopoly,telegram_sentiment,4
metformin,twitter_sentiments,6
metformin,reddit_sentiment,71
metformin,telegram_sentiment,71
michicoin,twitter_sentiments,6
michicoin,reddit_sentiment,35
michicoin,telegram_sentiment,35
miladywifhat,twitter_sentiments,0
miladywifhat,reddit_sentiment,85
miladywifhat,telegram_sentiment,0
milkbag,twitter_sentiments,20
milkbag,reddit_sentiment,84
milkbag,telegram_sentiment,84
mimany,twitter_sentiments,84
mimany,reddit_sentiment,84
mimany,telegram_sentiment,84
mindzero,twitter_sentiments,19
mindzero,reddit_sentiment,62
mindzero,telegram_sentiment,62
minetardai,twitter_sentiments,0
minetardai,reddit_sentiment,67
minetardai,telegram_sentiment,67
minidoge3,twitter_sentiments,17
minidoge3,reddit_sentiment,49
minidoge3,telegram_sentiment,47
minimini,twitter_sentiments,39
minimini,reddit_sentiment,82
minimini,telegram_sentiment,82
mist2,twitter_sentiments,25
mist2,reddit_sentiment,75
mist2,telegram_sentiment,78
mizuki,twitter_sentiments,6
mizuki,reddit_sentiment,46
mizuki,telegram_sentiment,49
moai,twitter_sentiments,0
moai,reddit_sentiment,83
moai,telegram_sentiment,83
moe4,twitter_sentiments,5
moe4,reddit_sentiment,62
moe4,telegram_sentiment,62
moew,twitter_sentiments,1
moew,reddit_sentiment,74
moew,telegram_sentiment,38
monaarcane,twitter_sentiments,44
monaarcane,reddit_sentiment,55
monaarcane,telegram_sentiment,55
mongcoin,twitter_sentiments,85
mongcoin,reddit_sentiment,85
mongcoin,telegram_sentiment,85
monkeyhaircut,twitter_sentiments,16
monkeyhaircut,reddit_sentiment,85
monkeyhaircut,telegram_sentiment,85
monkeypox,twitter_sentiments,11
monkeypox,reddit_sentiment,83
monkeypox,telegram_sentiment,83
monkeysolinu,twitter_sentiments,11
monkeysolinu,reddit_sentiment,45
monkeysolinu,telegram_sentiment,45
moodeng2,twitter_sentiments,85
moodeng2,reddit_sentiment,85
moodeng2,telegram_sentiment,85
moonbag,twitter_sentiments,16
moonbag,reddit_sentiment,82
moonbag,telegram_sentiment,62
moonscape2,twitter_sentiments,37
moonscape2,reddit_sentiment,82
moonscape2,telegram_sentiment,82
morris,twitter_sentiments,22
morris,reddit_sentiment,80
morris,telegram_sentiment,80
morud,twitter_sentiments,9
morud,reddit_sentiment,84
morud,telegram_sentiment,84
moss,twitter_sentiments,1
moss,reddit_sentiment,8
moss,telegram_sentiment,1
moth2,twitter_sentiments,9
moth2,reddit_sentiment,62
moth2,telegram_sentiment,84
motheriggy,twitter_sentiments,2
motheriggy,reddit_sentiment,76
motheriggy,telegram_sentiment,76
mrmayonnaisethecat,twitter_sentiments,10
mrmayonnaisethecat,reddit_sentiment,79
mrmayonnaisethecat,telegram_sentiment,79
mstr2100,twitter_sentiments,0
mstr2100,reddit_sentiment,83
mstr2100,telegram_sentiment,83
mumuthebull3,twitter_sentiments,6
mumuthebull3,reddit_sentiment,44
mumuthebull3,telegram_sentiment,44
muskit,twitter_sentiments,1
muskit,reddit_sentiment,7
muskit,telegram_sentiment,10
musmecoin,twitter_sentiments,2
musmecoin,reddit_sentiment,57
musmecoin,telegram_sentiment,55
mut,twitter_sentiments,74
mut,reddit_sentiment,2
mut,telegram_sentiment,74
myro,twitter_sentiments,16
myro,reddit_sentiment,29
myro,telegram_sentiment,33
mystery2,twitter_sentiments,3
mystery2,reddit_sentiment,43
mystery2,telegram_sentiment,53
nailong,twitter_sentiments,9
nailong,reddit_sentiment,85
nailong,telegram_sentiment,84
naitzsche,twitter_sentiments,10
naitzsche,reddit_sentiment,49
naitzsche,telegram_sentiment,45
nakedjim,twitter_sentiments,0
nakedjim,reddit_sentiment,31
nakedjim,telegram_sentiment,31
nasdaq420,twitter_sentiments,0
nasdaq420,reddit_sentiment,77
nasdaq420,telegram_sentiment,85
navalai,twitter_sentiments,2
navalai,reddit_sentiment,78
navalai,telegram_sentiment,51
ndx6900,twitter_sentiments,16
ndx6900,reddit_sentiment,84
ndx6900,telegram_sentiment,84
neirei,twitter_sentiments,9
neirei,reddit_sentiment,78
neirei,telegram_sentiment,82
neiro,twitter_sentiments,85
neiro,reddit_sentiment,82
neiro,telegram_sentiment,85
neiro2,twitter_sentiments,11
neiro2,reddit_sentiment,85
neiro2,telegram_sentiment,85
neirooneth,twitter_sentiments,57
neirooneth,reddit_sentiment,57
neirooneth,telegram_sentiment,57
neroboss,twitter_sentiments,0
neroboss,reddit_sentiment,54
neroboss,telegram_sentiment,54
neversol,twitter_sentiments,15
neversol,reddit_sentiment,84
neversol,telegram_sentiment,55
newbabyelephanthoustonzoo,twitter_sentiments,10
newbabyelephanthoustonzoo,reddit_sentiment,76
newbabyelephanthoustonzoo,telegram_sentiment,76
newbornhaggispygmyhippo,twitter_sentiments,85
newbornhaggispygmyhippo,reddit_sentiment,85
newbornhaggispygmyhippo,telegram_sentiment,85
nightfury,twitter_sentiments,4
nightfury,reddit_sentiment,15
nightfury,telegram_sentiment,45
ninjasquad,twitter_sentiments,3
ninjasquad,reddit_sentiment,69
ninjasquad,telegram_sentiment,59
no1tiktokcat,twitter_sentiments,68
no1tiktokcat,reddit_sentiment,78
no1tiktokcat,telegram_sentiment,78
nomansland,twitter_sentiments,61
nomansland,reddit_sentiment,54
nomansland,telegram_sentiment,70
nomnom,twitter_sentiments,2
nomnom,reddit_sentiment,85
nomnom,telegram_sentiment,85
noods,twitter_sentiments,8
noods,reddit_sentiment,66
noods,telegram_sentiment,76
noooomeme,twitter_sentiments,2
noooomeme,reddit_sentiment,82
noooomeme,telegram_sentiment,23
nothing4,twitter_sentiments,60
nothing4,reddit_sentiment,36
nothing4,telegram_sentiment,61
novaonmars,twitter_sentiments,0
novaonmars,reddit_sentiment,61
novaonmars,telegram_sentiment,61
npconsolana,twitter_sentiments,7
npconsolana,reddit_sentiment,85
npconsolana,telegram_sentiment,85
nullmatrix,twitter_sentiments,66
nullmatrix,reddit_sentiment,84
nullmatrix,telegram_sentiment,84
number,twitter_sentiments,0
number,reddit_sentiment,35
number,telegram_sentiment,35
numogram,twitter_sentiments,85
numogram,reddit_sentiment,85
numogram,telegram_sentiment,14
nutcoinmeme,twitter_sentiments,0
nutcoinmeme,reddit_sentiment,62
nutcoinmeme,telegram_sentiment,37
nya,twitter_sentiments,10
nya,reddit_sentiment,14
nya,telegram_sentiment,85
nyanmemecoin,twitter_sentiments,14
nyanmemecoin,reddit_sentiment,78
nyanmemecoin,telegram_sentiment,1
obipnutkenobi,twitter_sentiments,0
obipnutkenobi,reddit_sentiment,83
obipnutkenobi,telegram_sentiment,83
obot,twitter_sentiments,6
obot,reddit_sentiment,78
obot,telegram_sentiment,63
offcialmascotoftheholyyear,twitter_sentiments,47
offcialmascotoftheholyyear,reddit_sentiment,47
offcialmascotoftheholyyear,telegram_sentiment,47
ogroaringkitty,twitter_sentiments,85
ogroaringkitty,reddit_sentiment,83
ogroaringkitty,telegram_sentiment,85
ogsminem,twitter_sentiments,3
ogsminem,reddit_sentiment,79
ogsminem,telegram_sentiment,79
okane,twitter_sentiments,5
okane,reddit_sentiment,76
okane,telegram_sentiment,76
omega2,twitter_sentiments,2
omega2,reddit_sentiment,84
omega2,telegram_sentiment,85
omnicat,twitter_sentiments,2
omnicat,reddit_sentiment,84
omnicat,telegram_sentiment,84
oneunchillgal,twitter_sentiments,12
oneunchillgal,reddit_sentiment,70
oneunchillgal,telegram_sentiment,70
optimusai,twitter_sentiments,14
optimusai,reddit_sentiment,85
optimusai,telegram_sentiment,85
opus2,twitter_sentiments,14
opus2,reddit_sentiment,67
opus2,telegram_sentiment,70
opxlive,twitter_sentiments,7
opxlive,reddit_sentiment,46
opxlive,telegram_sentiment,27
orbit3,twitter_sentiments,0
orbit3,reddit_sentiment,25
orbit3,telegram_sentiment,51
orc,twitter_sentiments,4
orc,reddit_sentiment,80
orc,telegram_sentiment,32
oscar,twitter_sentiments,0
oscar,reddit_sentiment,0
oscar,telegram_sentiment,85
pajamascat,twitter_sentiments,2
pajamascat,reddit_sentiment,85
pajamascat,telegram_sentiment,85
patriot,twitter_sentiments,1
patriot,reddit_sentiment,67
patriot,telegram_sentiment,84
peanie,twitter_sentiments,20
peanie,reddit_sentiment,83
peanie,telegram_sentiment,83
peanut2,twitter_sentiments,49
peanut2,reddit_sentiment,84
peanut2,telegram_sentiment,84
peanut3,twitter_sentiments,3
peanut3,reddit_sentiment,83
peanut3,telegram_sentiment,83
peepoeth,twitter_sentiments,84
peepoeth,reddit_sentiment,84
peepoeth,telegram_sentiment,1
peipeicoinvip,twitter_sentiments,81
peipeicoinvip,reddit_sentiment,81
peipeicoinvip,telegram_sentiment,81
peng,twitter_sentiments,85
peng,reddit_sentiment,85
peng,telegram_sentiment,85
pepe20,twitter_sentiments,2
pepe20,reddit_sentiment,70
pepe20,telegram_sentiment,70
pepeai2,twitter_sentiments,73
pepeai2,reddit_sentiment,73
pepeai2,telegram_sentiment,9
pepefork,twitter_sentiments,83
pepefork,reddit_sentiment,83
pepefork,telegram_sentiment,83
pepeinamemesworld,twitter_sentiments,81
pepeinamemesworld,reddit_sentiment,81
pepeinamemesworld,telegram_sentiment,81
pepesol,twitter_sentiments,82
pepesol,reddit_sentiment,84
pepesol,telegram_sentiment,84
pepethekingprawn,twitter_sentiments,17
pepethekingprawn,reddit_sentiment,54
pepethekingprawn,telegram_sentiment,57
pepetrump,twitter_sentiments,16
pepetrump,reddit_sentiment,80
pepetrump,telegram_sentiment,1
pepoclown,twitter_sentiments,2
pepoclown,reddit_sentiment,50
pepoclown,telegram_sentiment,50
pestothebabykingpenguin,twitter_sentiments,19
pestothebabykingpenguin,reddit_sentiment,85
pestothebabykingpenguin,telegram_sentiment,85
petunia,twitter_sentiments,70
petunia,reddit_sentiment,71
petunia,telegram_sentiment,23
phil,twitter_sentiments,8
phil,reddit_sentiment,85
phil,telegram_sentiment,85
pigeontech,twitter_sentiments,79
pigeontech,reddit_sentiment,82
pigeontech,telegram_sentiment,82
pikaboss,twitter_sentiments,41
pikaboss,reddit_sentiment,85
pikaboss,telegram_sentiment,85
pillzumi,twitter_sentiments,4
pillzumi,reddit_sentiment,51
pillzumi,telegram_sentiment,51
pingdog,twitter_sentiments,71
pingdog,reddit_sentiment,83
pingdog,telegram_sentiment,83
pino,twitter_sentiments,83
pino,reddit_sentiment,83
pino,telegram_sentiment,82
pippin,twitter_sentiments,0
pippin,reddit_sentiment,78
pippin,telegram_sentiment,79
pisces,twitter_sentiments,3
pisces,reddit_sentiment,0
pisces,telegram_sentiment,0
planktoninpain,twitter_sentiments,8
planktoninpain,reddit_sentiment,50
planktoninpain,telegram_sentiment,50
pledge2,twitter_sentiments,7
pledge2,reddit_sentiment,55
pledge2,telegram_sentiment,55
pnutsforsquirrel,twitter_sentiments,15
pnutsforsquirrel,reddit_sentiment,36
pnutsforsquirrel,telegram_sentiment,0
pnutssister,twitter_sentiments,0
pnutssister,reddit_sentiment,81
pnutssister,telegram_sentiment,81
pochita,twitter_sentiments,7
pochita,reddit_sentiment,85
pochita,telegram_sentiment,85
polydoge,twitter_sentiments,13
polydoge,reddit_sentiment,84
polydoge,telegram_sentiment,0
ponk2,twitter_sentiments,18
ponk2,reddit_sentiment,81
ponk2,telegram_sentiment,81
poochi,twitter_sentiments,8
poochi,reddit_sentiment,17
poochi,telegram_sentiment,17
popdog,twitter_sentiments,6
popdog,reddit_sentiment,78
popdog,telegram_sentiment,5
popo2,twitter_sentiments,31
popo2,reddit_sentiment,81
popo2,telegram_sentiment,82
popothefrog,twitter_sentiments,60
popothefrog,reddit_sentiment,84
popothefrog,telegram_sentiment,30
poppy,twitter_sentiments,23
poppy,reddit_sentiment,2
poppy,telegram_sentiment,30
poupe,twitter_sentiments,18
poupe,reddit_sentiment,74
poupe,telegram_sentiment,55
powsche,twitter_sentiments,16
powsche,reddit_sentiment,10
powsche,telegram_sentiment,67
praist,twitter_sentiments,42
praist,reddit_sentiment,69
praist,telegram_sentiment,69
presidentexe,twitter_sentiments,7
presidentexe,reddit_sentiment,82
presidentexe,telegram_sentiment,82
principalsnetwork,twitter_sentiments,10
principalsnetwork,reddit_sentiment,49
principalsnetwork,telegram_sentiment,49
project89,twitter_sentiments,13
project89,reddit_sentiment,85
project89,telegram_sentiment,85
projectaeon,twitter_sentiments,77
projectaeon,reddit_sentiment,77
projectaeon,telegram_sentiment,77
prophetofethereum,twitter_sentiments,48
prophetofethereum,reddit_sentiment,85
prophetofethereum,telegram_sentiment,85
puffy,twitter_sentiments,32
puffy,reddit_sentiment,83
puffy,telegram_sentiment,83
pump2,twitter_sentiments,8
pump2,reddit_sentiment,69
pump2,telegram_sentiment,75
pundu,twitter_sentiments,85
pundu,reddit_sentiment,85
pundu,telegram_sentiment,0
pupsordinals,twitter_sentiments,6
pupsordinals,reddit_sentiment,84
pupsordinals,telegram_sentiment,84
purplepepe,twitter_sentiments,60
purplepepe,reddit_sentiment,60
purplepepe,telegram_sentiment,53
qstar,twitter_sentiments,2
qstar,reddit_sentiment,85
qstar,telegram_sentiment,85
quantifyai,twitter_sentiments,10
quantifyai,reddit_sentiment,53
quantifyai,telegram_sentiment,53
quasar3,twitter_sentiments,9
quasar3,reddit_sentiment,70
quasar3,telegram_sentiment,70
ratescape,twitter_sentiments,4
ratescape,reddit_sentiment,69
ratescape,telegram_sentiment,69
rawr,twitter_sentiments,65
rawr,reddit_sentiment,85
rawr,telegram_sentiment,85
real2,twitter_sentiments,65
real2,reddit_sentiment,42
real2,telegram_sentiment,83
realisworlds,twitter_sentiments,9
realisworlds,reddit_sentiment,54
realisworlds,telegram_sentiment,54
realsmurfcat,twitter_sentiments,6
realsmurfcat,reddit_sentiment,85
realsmurfcat,telegram_sentiment,85
realworldai,twitter_sentiments,4
realworldai,reddit_sentiment,46
realworldai,telegram_sentiment,46
redgenesis,twitter_sentiments,9
redgenesis,reddit_sentiment,35
redgenesis,telegram_sentiment,5
redsiberianhusky,twitter_sentiments,1
redsiberianhusky,reddit_sentiment,36
redsiberianhusky,telegram_sentiment,36
reflectionsofdissonanceai,twitter_sentiments,61
reflectionsofdissonanceai,reddit_sentiment,77
reflectionsofdissonanceai,telegram_sentiment,68
rekt4,twitter_sentiments,17
rekt4,reddit_sentiment,71
rekt4,telegram_sentiment,71
retardio,twitter_sentiments,44
retardio,reddit_sentiment,43
retardio,telegram_sentiment,0
rex3,twitter_sentiments,0
rex3,reddit_sentiment,77
rex3,telegram_sentiment,71
ribbit2,twitter_sentiments,8
ribbit2,reddit_sentiment,85
ribbit2,telegram_sentiment,85
richquack,twitter_sentiments,0
richquack,reddit_sentiment,0
richquack,telegram_sentiment,0
rifampicin,twitter_sentiments,12
rifampicin,reddit_sentiment,52
rifampicin,telegram_sentiment,12
riko,twitter_sentiments,4
riko,reddit_sentiment,85
riko,telegram_sentiment,85
rizo,twitter_sentiments,65
rizo,reddit_sentiment,78
rizo,telegram_sentiment,78
rizzmas,twitter_sentiments,10
rizzmas,reddit_sentiment,58
rizzmas,telegram_sentiment,64
rnttoken,twitter_sentiments,76
rnttoken,reddit_sentiment,76
rnttoken,telegram_sentiment,76
roastmaster9000,twitter_sentiments,0
roastmaster9000,reddit_sentiment,64
roastmaster9000,telegram_sentiment,63
rock3,twitter_sentiments,2
rock3,reddit_sentiment,78
rock3,telegram_sentiment,72
rockytherock,twitter_sentiments,85
rockytherock,reddit_sentiment,84
rockytherock,telegram_sentiment,85
roflcopter,twitter_sentiments,1
roflcopter,reddit_sentiment,66
roflcopter,telegram_sentiment,6
ronnie,twitter_sentiments,9
ronnie,reddit_sentiment,85
ronnie,telegram_sentiment,85
ropirito,twitter_sentiments,23
ropirito,reddit_sentiment,75
ropirito,telegram_sentiment,75
rsnoofi,twitter_sentiments,85
rsnoofi,reddit_sentiment,14
rsnoofi,telegram_sentiment,85
runneroneth,twitter_sentiments,28
runneroneth,reddit_sentiment,79
runneroneth,telegram_sentiment,79
ruritruthterminalscrush,twitter_sentiments,50
ruritruthterminalscrush,reddit_sentiment,75
ruritruthterminalscrush,telegram_sentiment,75
ryujin,twitter_sentiments,85
ryujin,reddit_sentiment,85
ryujin,telegram_sentiment,63
saadboi,twitter_sentiments,33
saadboi,reddit_sentiment,39
saadboi,telegram_sentiment,39
sadant,twitter_sentiments,3
sadant,reddit_sentiment,60
sadant,telegram_sentiment,5
sadhamster,twitter_sentiments,80
sadhamster,reddit_sentiment,85
sadhamster,telegram_sentiment,85
safukekgigafundz888,twitter_sentiments,13
safukekgigafundz888,reddit_sentiment,81
safukekgigafundz888,telegram_sentiment,81
sageuniverse,twitter_sentiments,62
sageuniverse,reddit_sentiment,81
sageuniverse,telegram_sentiment,81
sagittarius,twitter_sentiments,3
sagittarius,reddit_sentiment,6
sagittarius,telegram_sentiment,0
salvatormundi,twitter_sentiments,6
salvatormundi,reddit_sentiment,63
salvatormundi,telegram_sentiment,63
samoyedcoin,twitter_sentiments,8
samoyedcoin,reddit_sentiment,76
samoyedcoin,telegram_sentiment,85
santa2,twitter_sentiments,62
santa2,reddit_sentiment,57
santa2,telegram_sentiment,66
santahat,twitter_sentiments,66
santahat,reddit_sentiment,66
santahat,telegram_sentiment,66
sbrsol,twitter_sentiments,18
sbrsol,reddit_sentiment,78
sbrsol,telegram_sentiment,78
schizoterminal,twitter_sentiments,0
schizoterminal,reddit_sentiment,47
schizoterminal,telegram_sentiment,47
scihub,twitter_sentiments,1
scihub,reddit_sentiment,65
scihub,telegram_sentiment,73
scorpio,twitter_sentiments,3
scorpio,reddit_sentiment,0
scorpio,telegram_sentiment,0
scratch3,twitter_sentiments,2
scratch3,reddit_sentiment,20
scratch3,telegram_sentiment,0
screaminghyrax,twitter_sentiments,26
screaminghyrax,reddit_sentiment,68
screaminghyrax,telegram_sentiment,68
sealsreadytocrackpengusice,twitter_sentiments,2
sealsreadytocrackpengusice,reddit_sentiment,44
sealsreadytocrackpengusice,telegram_sentiment,44
selfiedogcoin,twitter_sentiments,3
selfiedogcoin,reddit_sentiment,83
selfiedogcoin,telegram_sentiment,83
send2,twitter_sentiments,30
send2,reddit_sentiment,74
send2,telegram_sentiment,79
sendor,twitter_sentiments,60
sendor,reddit_sentiment,73
sendor,telegram_sentiment,73
sensus,twitter_sentiments,23
sensus,reddit_sentiment,48
sensus,telegram_sentiment,5
sentientai,twitter_sentiments,0
sentientai,reddit_sentiment,32
sentientai,telegram_sentiment,12
sharbi,twitter_sentiments,13
sharbi,reddit_sentiment,85
sharbi,telegram_sentiment,85
sharkcat,twitter_sentiments,17
sharkcat,reddit_sentiment,85
sharkcat,telegram_sentiment,85
sharki,twitter_sentiments,19
sharki,reddit_sentiment,84
sharki,telegram_sentiment,84
sherises,twitter_sentiments,9
sherises,reddit_sentiment,39
sherises,telegram_sentiment,21
shibaclassic2,twitter_sentiments,8
shibaclassic2,reddit_sentiment,8
shibaclassic2,telegram_sentiment,8
shibadoge,twitter_sentiments,0
shibadoge,reddit_sentiment,0
shibadoge,telegram_sentiment,0
shibapredator,twitter_sentiments,0
shibapredator,reddit_sentiment,28
shibapredator,telegram_sentiment,28
shibashootout,twitter_sentiments,1
shibashootout,reddit_sentiment,69
shibashootout,telegram_sentiment,2
shibawing,twitter_sentiments,0
shibawing,reddit_sentiment,56
shibawing,telegram_sentiment,56
shibwifhatcoin,twitter_sentiments,27
shibwifhatcoin,reddit_sentiment,84
shibwifhatcoin,telegram_sentiment,84
shifu,twitter_sentiments,42
shifu,reddit_sentiment,30
shifu,telegram_sentiment,42
shinainu,twitter_sentiments,0
shinainu,reddit_sentiment,85
shinainu,telegram_sentiment,85
shitcoin3,twitter_sentiments,39
shitcoin3,reddit_sentiment,45
shitcoin3,telegram_sentiment,44
shoggoth,twitter_sentiments,31
shoggoth,reddit_sentiment,77
shoggoth,telegram_sentiment,48
shrub,twitter_sentiments,40
shrub,reddit_sentiment,54
shrub,telegram_sentiment,70
shrub2,twitter_sentiments,4
shrub2,reddit_sentiment,84
shrub2,telegram_sentiment,84
sigma,twitter_sentiments,13
sigma,reddit_sentiment,50
sigma,telegram_sentiment,72
sillydragon,twitter_sentiments,8
sillydragon,reddit_sentiment,75
sillydragon,telegram_sentiment,85
sillynubcat,twitter_sentiments,85
sillynubcat,reddit_sentiment,85
sillynubcat,telegram_sentiment,85
simmitoken,twitter_sentiments,0
simmitoken,reddit_sentiment,54
simmitoken,telegram_sentiment,54
simsai,twitter_sentiments,2
simsai,reddit_sentiment,41
simsai,telegram_sentiment,41
singularry,twitter_sentiments,2
singularry,reddit_sentiment,57
singularry,telegram_sentiment,40
size,twitter_sentiments,3
size,reddit_sentiment,0
size,telegram_sentiment,62
skainet,twitter_sentiments,16
skainet,reddit_sentiment,62
skainet,telegram_sentiment,62
skibiditoilet2,twitter_sentiments,19
skibiditoilet2,reddit_sentiment,7
skibiditoilet2,telegram_sentiment,80
slop,twitter_sentiments,36
slop,reddit_sentiment,79
slop,telegram_sentiment,85
slopfather,twitter_sentiments,9
slopfather,reddit_sentiment,50
slopfather,telegram_sentiment,50
slothana,twitter_sentiments,0
slothana,reddit_sentiment,0
slothana,telegram_sentiment,85
smilingdolphin,twitter_sentiments,1
smilingdolphin,reddit_sentiment,81
smilingdolphin,telegram_sentiment,83
smokingchickenfish,twitter_sentiments,20
smokingchickenfish,reddit_sentiment,78
smokingchickenfish,telegram_sentiment,79
snakewifhat,twitter_sentiments,1
snakewifhat,reddit_sentiment,10
snakewifhat,telegram_sentiment,75
snapkero,twitter_sentiments,85
snapkero,reddit_sentiment,85
snapkero,telegram_sentiment,85
sofacat,twitter_sentiments,6
sofacat,reddit_sentiment,81
sofacat,telegram_sentiment,8
solama,twitter_sentiments,8
solama,reddit_sentiment,72
solama,telegram_sentiment,84
solarisai,twitter_sentiments,0
solarisai,reddit_sentiment,80
solarisai,telegram_sentiment,81
solcat,twitter_sentiments,17
solcat,reddit_sentiment,70
solcat,telegram_sentiment,70
solchat,twitter_sentiments,5
solchat,reddit_sentiment,81
solchat,telegram_sentiment,84
solnic,twitter_sentiments,84
solnic,reddit_sentiment,84
solnic,telegram_sentiment,84
speedy2,twitter_sentiments,14
speedy2,reddit_sentiment,62
speedy2,telegram_sentiment,85
spikeoneth,twitter_sentiments,83
spikeoneth,reddit_sentiment,83
spikeoneth,telegram_sentiment,83
spinningcat,twitter_sentiments,2
spinningcat,reddit_sentiment,75
spinningcat,telegram_sentiment,75
splashdog,twitter_sentiments,10
splashdog,reddit_sentiment,59
splashdog,telegram_sentiment,59
spunkysdx,twitter_sentiments,42
spunkysdx,reddit_sentiment,57
spunkysdx,telegram_sentiment,35
spx690020,twitter_sentiments,12
spx690020,reddit_sentiment,83
spx690020,telegram_sentiment,83
sqrfund,twitter_sentiments,10
sqrfund,reddit_sentiment,50
sqrfund,telegram_sentiment,33
squidgrow2,twitter_sentiments,14
squidgrow2,reddit_sentiment,85
squidgrow2,telegram_sentiment,1
stardoge,twitter_sentiments,28
stardoge,reddit_sentiment,69
stardoge,telegram_sentiment,68
starecat,twitter_sentiments,4
starecat,reddit_sentiment,81
starecat,telegram_sentiment,81
staringrobot,twitter_sentiments,7
staringrobot,reddit_sentiment,83
staringrobot,telegram_sentiment,83
stars2,twitter_sentiments,0
stars2,reddit_sentiment,0
stars2,telegram_sentiment,39
stashinu,twitter_sentiments,2
stashinu,reddit_sentiment,84
stashinu,telegram_sentiment,84
stick,twitter_sentiments,12
stick,reddit_sentiment,73
stick,telegram_sentiment,73
stonks4,twitter_sentiments,7
stonks4,reddit_sentiment,32
stonks4,telegram_sentiment,43
strategicbitcoinreserve,twitter_sentiments,10
strategicbitcoinreserve,reddit_sentiment,46
strategicbitcoinreserve,telegram_sentiment,85
strategichubforinnovationinblockchain,twitter_sentiments,77
strategichubforinnovationinblockchain,reddit_sentiment,77
strategichubforinnovationinblockchain,telegram_sentiment,77
styrosteve,twitter_sentiments,0
styrosteve,reddit_sentiment,45
styrosteve,telegram_sentiment,32
successkid,twitter_sentiments,77
successkid,reddit_sentiment,84
successkid,telegram_sentiment,84
supercyclereal,twitter_sentiments,8
supercyclereal,reddit_sentiment,85
supercyclereal,telegram_sentiment,85
supertrump,twitter_sentiments,7
supertrump,reddit_sentiment,85
supertrump,telegram_sentiment,85
suwi,twitter_sentiments,7
suwi,reddit_sentiment,71
suwi,telegram_sentiment,83
swaggy,twitter_sentiments,14
swaggy,reddit_sentiment,82
swaggy,telegram_sentiment,82
swarm2,twitter_sentiments,7
swarm2,reddit_sentiment,73
swarm2,telegram_sentiment,75
swarmnodeai,twitter_sentiments,4
swarmnodeai,reddit_sentiment,44
swarmnodeai,telegram_sentiment,44
tabman,twitter_sentiments,84
tabman,reddit_sentiment,84
tabman,telegram_sentiment,70
taoinu,twitter_sentiments,10
taoinu,reddit_sentiment,85
taoinu,telegram_sentiment,85
tateterminal,twitter_sentiments,0
tateterminal,reddit_sentiment,85
tateterminal,telegram_sentiment,85
taurus2,twitter_sentiments,3
taurus2,reddit_sentiment,73
taurus2,telegram_sentiment,0
tehepikduck,twitter_sentiments,1
tehepikduck,reddit_sentiment,85
tehepikduck,telegram_sentiment,85
tema,twitter_sentiments,10
tema,reddit_sentiment,68
tema,telegram_sentiment,35
tensorium,twitter_sentiments,56
tensorium,reddit_sentiment,66
tensorium,telegram_sentiment,66
terminus2,twitter_sentiments,85
terminus2,reddit_sentiment,85
terminus2,telegram_sentiment,84
terminus3,twitter_sentiments,16
terminus3,reddit_sentiment,85
terminus3,telegram_sentiment,15
terryinthetrenches,twitter_sentiments,16
terryinthetrenches,reddit_sentiment,70
terryinthetrenches,telegram_sentiment,70
tetsuocoin,twitter_sentiments,1
tetsuocoin,reddit_sentiment,46
tetsuocoin,telegram_sentiment,46
thalesai,twitter_sentiments,0
thalesai,reddit_sentiment,53
thalesai,telegram_sentiment,2
theanthropicorder,twitter_sentiments,49
theanthropicorder,reddit_sentiment,62
theanthropicorder,telegram_sentiment,62
thebalkandwarf,twitter_sentiments,85
thebalkandwarf,reddit_sentiment,85
thebalkandwarf,telegram_sentiment,85
theblinkingaicatcatfather,twitter_sentiments,7
theblinkingaicatcatfather,reddit_sentiment,30
theblinkingaicatcatfather,telegram_sentiment,30
thecat,twitter_sentiments,77
thecat,reddit_sentiment,84
thecat,telegram_sentiment,84
thedogenft,twitter_sentiments,5
thedogenft,reddit_sentiment,58
thedogenft,telegram_sentiment,28
thelastplay,twitter_sentiments,10
thelastplay,reddit_sentiment,83
thelastplay,telegram_sentiment,85
thelokiecabal,twitter_sentiments,11
thelokiecabal,reddit_sentiment,59
thelokiecabal,telegram_sentiment,11
thenuttingprofessor,twitter_sentiments,0
thenuttingprofessor,reddit_sentiment,48
thenuttingprofessor,telegram_sentiment,12
thereallandwolf,twitter_sentiments,85
thereallandwolf,reddit_sentiment,85
thereallandwolf,telegram_sentiment,85
therugcoon,twitter_sentiments,20
therugcoon,reddit_sentiment,83
therugcoon,telegram_sentiment,83
thesocietylibrary,twitter_sentiments,23
thesocietylibrary,reddit_sentiment,74
thesocietylibrary,telegram_sentiment,74
thesoldog,twitter_sentiments,3
thesoldog,reddit_sentiment,85
thesoldog,telegram_sentiment,15
thetickeriseth,twitter_sentiments,19
thetickeriseth,reddit_sentiment,84
thetickeriseth,telegram_sentiment,0
theydontloveyoulikeiloveyou,twitter_sentiments,25
theydontloveyoulikeiloveyou,reddit_sentiment,76
theydontloveyoulikeiloveyou,telegram_sentiment,75
toadkiller,twitter_sentiments,73
toadkiller,reddit_sentiment,73
toadkiller,telegram_sentiment,5
toadsol,twitter_sentiments,0
toadsol,reddit_sentiment,52
toadsol,telegram_sentiment,41
tobi,twitter_sentiments,11
tobi,reddit_sentiment,85
tobi,telegram_sentiment,84
toco,twitter_sentiments,15
toco,reddit_sentiment,37
toco,telegram_sentiment,48
todd,twitter_sentiments,83
todd,reddit_sentiment,83
todd,telegram_sentiment,83
toga,twitter_sentiments,57
toga,reddit_sentiment,85
toga,telegram_sentiment,84
toki2,twitter_sentiments,0
toki2,reddit_sentiment,7
toki2,telegram_sentiment,7
tomocat,twitter_sentiments,2
tomocat,reddit_sentiment,64
tomocat,telegram_sentiment,24
tookerkurlson,twitter_sentiments,27
tookerkurlson,reddit_sentiment,83
tookerkurlson,telegram_sentiment,83
tophat,twitter_sentiments,0
tophat,reddit_sentiment,82
tophat,telegram_sentiment,56
topprotocol,twitter_sentiments,10
topprotocol,reddit_sentiment,82
topprotocol,telegram_sentiment,38
torithecat,twitter_sentiments,81
torithecat,reddit_sentiment,49
torithecat,telegram_sentiment,6
torsy,twitter_sentiments,0
torsy,reddit_sentiment,84
torsy,telegram_sentiment,63
trackedbio,twitter_sentiments,12
trackedbio,reddit_sentiment,70
trackedbio,telegram_sentiment,70
trenchai,twitter_sentiments,7
trenchai,reddit_sentiment,42
trenchai,telegram_sentiment,42
trisigma,twitter_sentiments,0
trisigma,reddit_sentiment,65
trisigma,telegram_sentiment,65
trog,twitter_sentiments,12
trog,reddit_sentiment,47
trog,telegram_sentiment,44
troll,twitter_sentiments,85
troll,reddit_sentiment,85
troll,telegram_sentiment,85
trumpderangementsyndrome,twitter_sentiments,35
trumpderangementsyndrome,reddit_sentiment,80
trumpderangementsyndrome,telegram_sentiment,80
trumpiusmaximus,twitter_sentiments,24
trumpiusmaximus,reddit_sentiment,32
trumpiusmaximus,telegram_sentiment,32
trumpshuffle,twitter_sentiments,21
trumpshuffle,reddit_sentiment,76
trumpshuffle,telegram_sentiment,76
trusttheprocess,twitter_sentiments,50
trusttheprocess,reddit_sentiment,50
trusttheprocess,telegram_sentiment,50
tsotchke,twitter_sentiments,8
tsotchke,reddit_sentiment,46
tsotchke,telegram_sentiment,18
tsuba,twitter_sentiments,24
tsuba,reddit_sentiment,21
tsuba,telegram_sentiment,2
tuki,twitter_sentiments,33
tuki,reddit_sentiment,84
tuki,telegram_sentiment,84
uglydog,twitter_sentiments,0
uglydog,reddit_sentiment,54
uglydog,telegram_sentiment,2
unfk,twitter_sentiments,5
unfk,reddit_sentiment,77
unfk,telegram_sentiment,76
unicornfartdust,twitter_sentiments,1
unicornfartdust,reddit_sentiment,32
unicornfartdust,telegram_sentiment,33
universalbasiccompute,twitter_sentiments,16
universalbasiccompute,reddit_sentiment,68
universalbasiccompute,telegram_sentiment,66
universaloperatingsystem,twitter_sentiments,5
universaloperatingsystem,reddit_sentiment,34
universaloperatingsystem,telegram_sentiment,34
upgrates,twitter_sentiments,0
upgrates,reddit_sentiment,78
upgrates,telegram_sentiment,78
upsidedowncat2,twitter_sentiments,58
upsidedowncat2,reddit_sentiment,81
upsidedowncat2,telegram_sentiment,80
uranus3,twitter_sentiments,69
uranus3,reddit_sentiment,85
uranus3,telegram_sentiment,47
urolithina,twitter_sentiments,21
urolithina,reddit_sentiment,74
urolithina,telegram_sentiment,18
valhallaindex,twitter_sentiments,85
valhallaindex,reddit_sentiment,85
valhallaindex,telegram_sentiment,85
vaticanmascot,twitter_sentiments,16
vaticanmascot,reddit_sentiment,76
vaticanmascot,telegram_sentiment,39
vaultterminal,twitter_sentiments,5
vaultterminal,reddit_sentiment,77
vaultterminal,telegram_sentiment,77
venko,twitter_sentiments,78
venko,reddit_sentiment,84
venko,telegram_sentiment,17
vibecat2,twitter_sentiments,1
vibecat2,reddit_sentiment,69
vibecat2,telegram_sentiment,71
vibingcat,twitter_sentiments,4
vibingcat,reddit_sentiment,83
vibingcat,telegram_sentiment,83
virgo2,twitter_sentiments,3
virgo2,reddit_sentiment,80
virgo2,telegram_sentiment,0
vitai,twitter_sentiments,6
vitai,reddit_sentiment,59
vitai,telegram_sentiment,59
vitainu,twitter_sentiments,11
vitainu,reddit_sentiment,82
vitainu,telegram_sentiment,0
voiceartificial,twitter_sentiments,1
voiceartificial,reddit_sentiment,33
voiceartificial,telegram_sentiment,33
voltinu2,twitter_sentiments,15
voltinu2,reddit_sentiment,85
voltinu2,telegram_sentiment,85
voyagerai,twitter_sentiments,53
voyagerai,reddit_sentiment,52
voyagerai,telegram_sentiment,54
waffles,twitter_sentiments,85
waffles,reddit_sentiment,66
waffles,telegram_sentiment,85
wallstreetmemes,twitter_sentiments,1
wallstreetmemes,reddit_sentiment,84
wallstreetmemes,telegram_sentiment,84
wally,twitter_sentiments,1
wally,reddit_sentiment,49
wally,telegram_sentiment,41
walterdogsolana,twitter_sentiments,83
walterdogsolana,reddit_sentiment,83
walterdogsolana,telegram_sentiment,83
wassie,twitter_sentiments,26
wassie,reddit_sentiment,85
wassie,telegram_sentiment,85
wat,twitter_sentiments,5
wat,reddit_sentiment,42
wat,telegram_sentiment,42
waterbear,twitter_sentiments,4
waterbear,reddit_sentiment,74
waterbear,telegram_sentiment,16
watercoin,twitter_sentiments,84
watercoin,reddit_sentiment,84
watercoin,telegram_sentiment,84
wawacat,twitter_sentiments,2
wawacat,reddit_sentiment,84
wawacat,telegram_sentiment,70
weirdmedievalmemes,twitter_sentiments,5
weirdmedievalmemes,reddit_sentiment,70
weirdmedievalmemes,telegram_sentiment,70
wen4,twitter_sentiments,4
wen4,reddit_sentiment,34
wen4,telegram_sentiment,34
whatsupdog,twitter_sentiments,4
whatsupdog,reddit_sentiment,83
whatsupdog,telegram_sentiment,84
whinecoin,twitter_sentiments,59
whinecoin,reddit_sentiment,59
whinecoin,telegram_sentiment,59
whiskey,twitter_sentiments,46
whiskey,reddit_sentiment,0
whiskey,telegram_sentiment,74
why,twitter_sentiments,56
why,reddit_sentiment,3
why,telegram_sentiment,85
whyyoutouzhele,twitter_sentiments,5
whyyoutouzhele,reddit_sentiment,33
whyyoutouzhele,telegram_sentiment,18
wibwob,twitter_sentiments,15
wibwob,reddit_sentiment,78
wibwob,telegram_sentiment,78
wicked,twitter_sentiments,84
wicked,reddit_sentiment,0
wicked,telegram_sentiment,84
wifejak,twitter_sentiments,2
wifejak,reddit_sentiment,76
wifejak,telegram_sentiment,76
wildgoatcoin2,twitter_sentiments,11
wildgoatcoin2,reddit_sentiment,77
wildgoatcoin2,telegram_sentiment,77
winniethepoodle,twitter_sentiments,10
winniethepoodle,reddit_sentiment,85
winniethepoodle,telegram_sentiment,85
winterarc,twitter_sentiments,12
winterarc,reddit_sentiment,70
winterarc,telegram_sentiment,74
wojak,twitter_sentiments,0
wojak,reddit_sentiment,39
wojak,telegram_sentiment,41
wolfofwallstreet,twitter_sentiments,54
wolfofwallstreet,reddit_sentiment,69
wolfofwallstreet,telegram_sentiment,66
womanyellingatcat,twitter_sentiments,15
womanyellingatcat,reddit_sentiment,83
womanyellingatcat,telegram_sentiment,83
wooftoken,twitter_sentiments,7
wooftoken,reddit_sentiment,72
wooftoken,telegram_sentiment,72
work,twitter_sentiments,17
work,reddit_sentiment,1
work,telegram_sentiment,53
would,twitter_sentiments,35
would,reddit_sentiment,3
would,telegram_sentiment,61
wrappedayeayecoin,twitter_sentiments,82
wrappedayeayecoin,reddit_sentiment,82
wrappedayeayecoin,telegram_sentiment,82
wrappeddog,twitter_sentiments,85
wrappeddog,reddit_sentiment,85
wrappeddog,telegram_sentiment,85
wuffi,twitter_sentiments,0
wuffi,reddit_sentiment,49
wuffi,telegram_sentiment,49
xcommunity,twitter_sentiments,3
xcommunity,reddit_sentiment,40
xcommunity,telegram_sentiment,12
xenopuslaevis,twitter_sentiments,0
xenopuslaevis,reddit_sentiment,48
xenopuslaevis,telegram_sentiment,49
xingxing,twitter_sentiments,1
xingxing,reddit_sentiment,76
xingxing,telegram_sentiment,76
yap,twitter_sentiments,22
yap,reddit_sentiment,60
yap,telegram_sentiment,81
yawnsworld,twitter_sentiments,9
yawnsworld,reddit_sentiment,61
yawnsworld,telegram_sentiment,61
yellowpepe,twitter_sentiments,0
yellowpepe,reddit_sentiment,65
yellowpepe,telegram_sentiment,65
yeschad,twitter_sentiments,1
yeschad,reddit_sentiment,78
yeschad,telegram_sentiment,78
yne,twitter_sentiments,5
yne,reddit_sentiment,33
yne,telegram_sentiment,33
yousim,twitter_sentiments,0
yousim,reddit_sentiment,70
yousim,telegram_sentiment,70
yowie,twitter_sentiments,30
yowie,reddit_sentiment,79
yowie,telegram_sentiment,79
zackmorris,twitter_sentiments,43
zackmorris,reddit_sentiment,84
zackmorris,telegram_sentiment,84
zaraai,twitter_sentiments,8
zaraai,reddit_sentiment,40
zaraai,telegram_sentiment,39
zazu2,twitter_sentiments,29
zazu2,reddit_sentiment,83
zazu2,telegram_sentiment,83
zenith3,twitter_sentiments,24
zenith3,reddit_sentiment,12
zenith3,telegram_sentiment,60
zerebrotokenoftransformation,twitter_sentiments,5
zerebrotokenoftransformation,reddit_sentiment,40
zerebrotokenoftransformation,telegram_sentiment,40
zerotech,twitter_sentiments,85
zerotech,reddit_sentiment,83
zerotech,telegram_sentiment,2
zeus3,twitter_sentiments,0
zeus3,reddit_sentiment,22
zeus3,telegram_sentiment,33
zoaai,twitter_sentiments,0
zoaai,reddit_sentiment,65
zoaai,telegram_sentiment,74
zods,twitter_sentiments,8
zods,reddit_sentiment,39
zods,telegram_sentiment,45
zoomer,twitter_sentiments,28
zoomer,reddit_sentiment,85
zoomer,telegram_sentiment,85
zoomersol,twitter_sentiments,15
zoomersol,reddit_sentiment,82
zoomersol,telegram_sentiment,82
zyncoin2,twitter_sentiments,18
zyncoin2,reddit_sentiment,85
zyncoin2,telegram_sentiment,2
